Workbook

Sheet About
A1: BLAPE BAU LULUCF Anthropogenic Pollutant Emissions
A3: Source: | B3: CO2 Emission
B4: Brazilian Ministry of Science, Technology, Innovation and Communication (MCTIC)
B5: 2020
B6: Report: "Quarta Comunicação Nacional e Relatórios De Atualização Bienal Do Brasil à Convenção-Quadro das Nações Unidas Sobre Mudança do Clima"
B7: Version: "Relatório de referência para consulta pública - LULUCF"
B8: http://antigo.mctic.gov.br/mctic/opencms/ciencia/SEPED/clima/Comunicacao_Nacional/Comunicacao_Nacional.html
B10: Rebound CH4 and N2O Emissions
B11: See land/RPEpUACE
A14: CH4 GWP | B14: 28
A15: N2O GWP | B15: 265
A17: Notes
A18: Projected pollutant emissions data for the land use sector until 2050.
A20: In "BLAPE" table, for CH4 and N2O calculation, the signal (-) has been changed to (+) as in Brazil CO2 emission
A21: from LULUCF is positive.

Sheet Data
A3: For the Land sector for Brazil, emissions and removals (net emissions) associated with
A4: land use transitions related to deforestation are accounted for.
A5: For this, data from the Fourth National Communication were used,
A6: which presents the annualized biome emissions, the most recent database available.
A7: From this database, an average was calculated,
A8: based on the estimated emissions for the sector between the years 2010 and 2016.
A9: This value was considered as a trend for the entire projection period of the scenario BAU.
B12: Period | C12: 2010 | D12: 2011 | E12: 2012 | F12: 2013 | G12: 2014 | H12: 2015 | I12: 2016 | J12: Average
B13: Emissions (Gg) | C13: 927770.2 | D13: 616949.31 | E13: 503513.55 | F13: 647875.04 | G13: 550263.1 | H13: 641495.51 | I13: 678383.17 | J13: =AVERAGE(C13:I13) -> 652321.41
I16: (g) | J16: =J13*10^9 -> 6.5232141e+14

Sheet data from RPEpUACE
B1: Rebound Emis Factor
A2: CO2 | B2: 0
A3: VOC | B3: 0
A4: CO | B4: 0
A5: NOx | B5: 0
A6: PM10 | B6: 0
A7: PM25 | B7: 0
A8: SOx | B8: 0
A9: BC | B9: 0
A10: OC | B10: 0
A11: CH4 | B11: 0.0043636084
A12: N2O | B12: 0.00013353572
A13: F gases | B13: 0

Sheet Share of Pollutants
A1: Year | B1: 2020 | C1: 2021 | D1: 2022 | E1: 2023 | F1: 2024 | G1: 2025 | H1: 2026 | I1: 2027 | J1: 2028 | K1: 2029 | L1: 2030 | M1: 2031 | N1: 2032 | O1: 2033 | P1: 2034 | Q1: 2035 | R1: 2036 | S1: 2037 | T1: 2038 | U1: 2039 | V1: 2040 | W1: 2041 | X1: 2042 | Y1: 2043 | Z1: 2044 | AA1: 2045 | AB1: 2046 | AC1: 2047 | AD1: 2048 | AE1: 2049 | AF1: 2050
A2: CO2 (g) | B2: =Data!$J$16 -> 6.5232141e+14 | C2: =Data!$J$16 -> 6.5232141e+14 | D2: =Data!$J$16 -> 6.5232141e+14 | E2: =Data!$J$16 -> 6.5232141e+14 | F2: =Data!$J$16 -> 6.5232141e+14 | G2: =Data!$J$16 -> 6.5232141e+14 | H2: =Data!$J$16 -> 6.5232141e+14 | I2: =Data!$J$16 -> 6.5232141e+14 | ... AF2: =Data!$J$16 -> 6.5232141e+14
A3: VOCs (g) | B3: 0 | C3: 0 | D3: 0 | E3: 0 | F3: 0 | G3: 0 | H3: 0 | I3: 0 | J3: 0 | K3: 0 | L3: 0 | M3: 0 | N3: 0 | O3: 0 | P3: 0 | Q3: 0 | R3: 0 | S3: 0 | T3: 0 | U3: 0 | V3: 0 | W3: 0 | X3: 0 | Y3: 0 | Z3: 0 | AA3: 0 | AB3: 0 | AC3: 0 | AD3: 0 | AE3: 0 | AF3: 0
A4: CO (g) | B4: 0 | C4: 0 | D4: 0 | E4: 0 | F4: 0 | G4: 0 | H4: 0 | I4: 0 | J4: 0 | K4: 0 | L4: 0 | M4: 0 | N4: 0 | O4: 0 | P4: 0 | Q4: 0 | R4: 0 | S4: 0 | T4: 0 | U4: 0 | V4: 0 | W4: 0 | X4: 0 | Y4: 0 | Z4: 0 | AA4: 0 | AB4: 0 | AC4: 0 | AD4: 0 | AE4: 0 | AF4: 0
A5: NOx (g) | B5: 0 | C5: 0 | D5: 0 | E5: 0 | F5: 0 | G5: 0 | H5: 0 | I5: 0 | J5: 0 | K5: 0 | L5: 0 | M5: 0 | N5: 0 | O5: 0 | P5: 0 | Q5: 0 | R5: 0 | S5: 0 | T5: 0 | U5: 0 | V5: 0 | W5: 0 | X5: 0 | Y5: 0 | Z5: 0 | AA5: 0 | AB5: 0 | AC5: 0 | AD5: 0 | AE5: 0 | AF5: 0
A6: PM10 (g) | B6: 0 | C6: 0 | D6: 0 | E6: 0 | F6: 0 | G6: 0 | H6: 0 | I6: 0 | J6: 0 | K6: 0 | L6: 0 | M6: 0 | N6: 0 | O6: 0 | P6: 0 | Q6: 0 | R6: 0 | S6: 0 | T6: 0 | U6: 0 | V6: 0 | W6: 0 | X6: 0 | Y6: 0 | Z6: 0 | AA6: 0 | AB6: 0 | AC6: 0 | AD6: 0 | AE6: 0 | AF6: 0
A7: PM25 (g) | B7: 0 | C7: 0 | D7: 0 | E7: 0 | F7: 0 | G7: 0 | H7: 0 | I7: 0 | J7: 0 | K7: 0 | L7: 0 | M7: 0 | N7: 0 | O7: 0 | P7: 0 | Q7: 0 | R7: 0 | S7: 0 | T7: 0 | U7: 0 | V7: 0 | W7: 0 | X7: 0 | Y7: 0 | Z7: 0 | AA7: 0 | AB7: 0 | AC7: 0 | AD7: 0 | AE7: 0 | AF7: 0
A8: SOx (g) | B8: 0 | C8: 0 | D8: 0 | E8: 0 | F8: 0 | G8: 0 | H8: 0 | I8: 0 | J8: 0 | K8: 0 | L8: 0 | M8: 0 | N8: 0 | O8: 0 | P8: 0 | Q8: 0 | R8: 0 | S8: 0 | T8: 0 | U8: 0 | V8: 0 | W8: 0 | X8: 0 | Y8: 0 | Z8: 0 | AA8: 0 | AB8: 0 | AC8: 0 | AD8: 0 | AE8: 0 | AF8: 0
A9: BC (g) | B9: 0 | C9: 0 | D9: 0 | E9: 0 | F9: 0 | G9: 0 | H9: 0 | I9: 0 | J9: 0 | K9: 0 | L9: 0 | M9: 0 | N9: 0 | O9: 0 | P9: 0 | Q9: 0 | R9: 0 | S9: 0 | T9: 0 | U9: 0 | V9: 0 | W9: 0 | X9: 0 | Y9: 0 | Z9: 0 | AA9: 0 | AB9: 0 | AC9: 0 | AD9: 0 | AE9: 0 | AF9: 0
A10: OC (g) | B10: 0 | C10: 0 | D10: 0 | E10: 0 | F10: 0 | G10: 0 | H10: 0 | I10: 0 | J10: 0 | K10: 0 | L10: 0 | M10: 0 | N10: 0 | O10: 0 | P10: 0 | Q10: 0 | R10: 0 | S10: 0 | T10: 0 | U10: 0 | V10: 0 | W10: 0 | X10: 0 | Y10: 0 | Z10: 0 | AA10: 0 | AB10: 0 | AC10: 0 | AD10: 0 | AE10: 0 | AF10: 0
A11: CH4 (g) | B11: =B$2*'data from RPEpUACE'!$B11 -> 2.8464752e+12 | C11: =C$2*'data from RPEpUACE'!$B11 -> 2.8464752e+12 | D11: =D$2*'data from RPEpUACE'!$B11 -> 2.8464752e+12 | E11: =E$2*'data from RPEpUACE'!$B11 -> 2.8464752e+12 | F11: =F$2*'data from RPEpUACE'!$B11 -> 2.8464752e+12 | G11: =G$2*'data from RPEpUACE'!$B11 -> 2.8464752e+12 | H11: =H$2*'data from RPEpUACE'!$B11 -> 2.8464752e+12 | I11: =I$2*'data from RPEpUACE'!$B11 -> 2.8464752e+12 | ... AF11: =AF$2*'data from RPEpUACE'!$B11 -> 2.8464752e+12
A12: N2O (g) | B12: =B$2*'data from RPEpUACE'!$B12 -> 8.7108208e+10 | C12: =C$2*'data from RPEpUACE'!$B12 -> 8.7108208e+10 | D12: =D$2*'data from RPEpUACE'!$B12 -> 8.7108208e+10 | E12: =E$2*'data from RPEpUACE'!$B12 -> 8.7108208e+10 | F12: =F$2*'data from RPEpUACE'!$B12 -> 8.7108208e+10 | G12: =G$2*'data from RPEpUACE'!$B12 -> 8.7108208e+10 | H12: =H$2*'data from RPEpUACE'!$B12 -> 8.7108208e+10 | I12: =I$2*'data from RPEpUACE'!$B12 -> 8.7108208e+10 | ... AF12: =AF$2*'data from RPEpUACE'!$B12 -> 8.7108208e+10
A13: F gases (g CO2e) | B13: 0 | C13: 0 | D13: 0 | E13: 0 | F13: 0 | G13: 0 | H13: 0 | I13: 0 | J13: 0 | K13: 0 | L13: 0 | M13: 0 | N13: 0 | O13: 0 | P13: 0 | Q13: 0 | R13: 0 | S13: 0 | T13: 0 | U13: 0 | V13: 0 | W13: 0 | X13: 0 | Y13: 0 | Z13: 0 | AA13: 0 | AB13: 0 | AC13: 0 | AD13: 0 | AE13: 0 | AF13: 0
A14: Total | B14: =SUM(B2:B13) -> 6.5525499e+14 | C14: =SUM(C2:C13) -> 6.5525499e+14 | D14: =SUM(D2:D13) -> 6.5525499e+14 | E14: =SUM(E2:E13) -> 6.5525499e+14 | F14: =SUM(F2:F13) -> 6.5525499e+14 | G14: =SUM(G2:G13) -> 6.5525499e+14 | H14: =SUM(H2:H13) -> 6.5525499e+14 | I14: =SUM(I2:I13) -> 6.5525499e+14 | ... AF14: =SUM(AF2:AF13) -> 6.5525499e+14
A16: Share | B16: =B1 -> 2020 | C16: =C1 -> 2021 | D16: =D1 -> 2022 | E16: =E1 -> 2023 | F16: =F1 -> 2024 | G16: =G1 -> 2025 | H16: =H1 -> 2026 | I16: =I1 -> 2027 | ... AF16: =AF1 -> 2050
A17: Share of CO2 (g) | B17: =B2/B$14 -> 0.99552299 | C17: =C2/C$14 -> 0.99552299 | D17: =D2/D$14 -> 0.99552299 | E17: =E2/E$14 -> 0.99552299 | F17: =F2/F$14 -> 0.99552299 | G17: =G2/G$14 -> 0.99552299 | H17: =H2/H$14 -> 0.99552299 | I17: =I2/I$14 -> 0.99552299 | ... AF17: =AF2/AF$14 -> 0.99552299
A18: Share of CH4 (g) | B18: =B11/B14 -> 0.0043440725 | C18: =C11/C14 -> 0.0043440725 | D18: =D11/D14 -> 0.0043440725 | E18: =E11/E14 -> 0.0043440725 | F18: =F11/F14 -> 0.0043440725 | G18: =G11/G14 -> 0.0043440725 | H18: =H11/H14 -> 0.0043440725 | I18: =I11/I14 -> 0.0043440725 | ... AF18: =AF11/AF14 -> 0.0043440725
A19: Share of N2O (g) | B19: =B12/B14 -> 0.00013293788 | C19: =C12/C14 -> 0.00013293788 | D19: =D12/D14 -> 0.00013293788 | E19: =E12/E14 -> 0.00013293788 | F19: =F12/F14 -> 0.00013293788 | G19: =G12/G14 -> 0.00013293788 | H19: =H12/H14 -> 0.00013293788 | I19: =I12/I14 -> 0.00013293788 | ... AF19: =AF12/AF14 -> 0.00013293788

Sheet MA-Smoothing
A1: Year | B1: 1990 | C1: 1991 | D1: 1992 | E1: 1993 | F1: 1994 | G1: 1995 | H1: 1996 | I1: 1997 | J1: 1998 | K1: 1999 | L1: 2000 | M1: 2001 | N1: 2002 | O1: 2003 | P1: 2004 | Q1: 2005 | R1: 2006 | S1: 2007 | T1: 2008 | U1: 2009 | V1: 2010 | W1: 2011 | X1: 2012 | Y1: 2013 | Z1: 2014 | AA1: 2015 | AB1: 2016 | AC1: 2017 | AD1: 2018 | AE1: 2019 | AF1: 2020 | AG1: 2021 | AH1: 2022 | AI1: 2023 | AJ1: 2024 | AK1: 2025 | AL1: 2026 | AM1: 2027 | AN1: 2028 | AO1: 2029 | AP1: 2030 | AQ1: 2031 | AR1: 2032 | AS1: 2033 | AT1: 2034 | AU1: 2035 | AV1: 2036 | AW1: 2037 | AX1: 2038 | AY1: 2039 | AZ1: 2040 | BA1: 2041 | BB1: 2042 | BC1: 2043 | BD1: 2044 | BE1: 2045 | BF1: 2046 | BG1: 2047 | BH1: 2048 | BI1: 2049 | BJ1: 2050
A2: LUE1 | B2: 9.0806633e+14 | C2: 7.2620432e+14 | D2: 8.3912158e+14 | E2: 8.7471207e+14 | F2: 8.5411248e+14 | G2: 1.973225e+15 | H2: 1.2456469e+15 | I2: 9.1557741e+14 | J2: 1.1799535e+15 | K2: 1.1325962e+15 | L2: 1.1844637e+15 | M2: 1.1297089e+15 | N2: 1.3395962e+15 | O2: 2.4270479e+15 | P2: 2.6213262e+15 | Q2: 1.5737137e+15 | R2: 1.2017754e+15 | S2: 852790016028065 | T2: 9.6393362e+14 | U2: 3.4244003e+14 | V2: 2.7714403e+14 | W2: 3.2414997e+14 | X2: 1.7289748e+14 | Y2: 4.1127603e+14 | Z2: 2.5977534e+14 | AA2: 3.7326385e+14 | AB2: 4.3654638e+14 | AC2: 3.1328247e+14 | AD2: 3.6215572e+14 | AE2: 567067303185964 | AF2: 665083900964468 | AG2: 8.8247799e+14 | AH2: 805693940844518 | AI2: 7.3755485e+14 | AJ2: 6.7517842e+14 | AK2: 6.1807727e+14 | AL2: 5.6580529e+14 | AM2: 5.1795404e+14 | AN2: 4.7414967e+14 | AO2: 4.3404992e+14 | AP2: 3.9734148e+14 | AQ2: 3.6373755e+14 | AR2: 3.3297556e+14 | AS2: 3.0481518e+14 | AT2: 2.7903637e+14 | AU2: 2.5543772e+14 | AV2: 2.3383486e+14 | AW2: 2.14059e+14 | AX2: 1.9595562e+14 | AY2: 1.7938327e+14 | AZ2: 1.6421248e+14 | BA2: 1.5032472e+14 | BB2: 1.3761147e+14 | BC2: 1.259734e+14 | BD2: 1.1531959e+14 | BE2: 1.0556679e+14 | BF2: 9.6638799e+13 | BG2: 8.846587e+13 | BH2: 8.0984141e+13 | BI2: 7.4135156e+13 | BJ2: 6.7865403e+13
A3: Smoothing | B3: 837000000000000 | C3: 840000000000000 | D3: 1.05e+15 | E3: 1.16e+15 | F3: 1.17e+15 | G3: 1.23e+15 | H3: 1.29e+15 | I3: 1.13e+15 | J3: 1.11e+15 | K3: 1.19e+15 | L3: 1.44e+15 | M3: 1.74e+15 | N3: 1.82e+15 | O3: 1.83e+15 | P3: 1.74e+15 | Q3: 1.44e+15 | R3: 987000000000000 | S3: 728000000000000 | T3: 552000000000000 | U3: 416000000000000 | V3: 306000000000000 | W3: 289000000000000 | X3: 308000000000000 | Y3: 331000000000000 | Z3: 359000000000000 | AA3: 349000000000000 | AB3: 410000000000000 | AC3: 469000000000000 | AD3: 558000000000000 | AE3: 556000000000000 | AF3: 632000000000000 | AG3: 853000000000000 | AH3: 844000000000000 | AI3: 780000000000000 | AJ3: 623000000000000 | AK3: 570000000000000 | AL3: 522000000000000 | AM3: 478000000000000 | AN3: 437000000000000 | AO3: 400000000000000 | AP3: 367000000000000 | AQ3: 336000000000000 | AR3: 307000000000000 | AS3: 281000000000000 | AT3: 257000000000000 | AU3: 236000000000000 | AV3: 216000000000000 | AW3: 197000000000000 | AX3: 181000000000000 | AY3: 165000000000000 | AZ3: 152000000000000 | BA3: 139000000000000 | BB3: 127000000000000 | BC3: 116000000000000 | BD3: 106000000000000 | BE3: 97400000000000 | BF3: 89200000000000 | BG3: 81600000000000 | BH3: 77900000000000 | BI3: 74300000000000 | BJ3: 71000000000000

Sheet Government Data
A1: Year | B1: 1990 | C1: 1991 | D1: 1992 | E1: 1993 | F1: 1994 | G1: 1995 | H1: 1996 | I1: 1997 | J1: 1998 | K1: 1999 | L1: 2000 | M1: 2001 | N1: 2002 | O1: 2003 | P1: 2004 | Q1: 2005 | R1: 2006 | S1: 2007 | T1: 2008 | U1: 2009 | V1: 2010 | W1: 2011 | X1: 2012 | Y1: 2013 | Z1: 2014 | AA1: 2015 | AB1: 2016 | AC1: 2017 | AD1: 2018 | AE1: 2019 | AF1: 2020 | AG1: 2021 | AH1: 2022 | AI1: 2023 | AJ1: 2024 | AK1: 2025 | AL1: 2026 | AM1: 2027 | AN1: 2028 | AO1: 2029 | AP1: 2030 | AQ1: 2031 | AR1: 2032 | AS1: 2033 | AT1: 2034 | AU1: 2035 | AV1: 2036 | AW1: 2037 | AX1: 2038 | AY1: 2039 | AZ1: 2040 | BA1: 2041 | BB1: 2042 | BC1: 2043 | BD1: 2044 | BE1: 2045 | BF1: 2046 | BG1: 2047 | BH1: 2048 | BI1: 2049 | BJ1: 2050
A2: LULUCF Emissions (kt CO2e) | B2: 908066.33 | C2: 726204.32 | D2: 839121.58 | E2: 874712.07 | F2: 854112.48 | G2: 1973225 | H2: 1245646.9 | I2: 915577.41 | J2: 1179953.5 | K2: 1132596.2 | L2: 1184463.7 | M2: 1129708.9 | N2: 1339596.2 | O2: 2427047.9 | P2: 2621326.2 | Q2: 1573713.7 | R2: 1201775.4 | S2: 852790.02 | T2: 963933.62 | U2: 342440.03 | V2: 277144.03 | W2: 324149.97 | X2: 172897.48 | Y2: 411276.03 | Z2: 259775.34 | AA2: 373263.85 | AB2: 436546.38 | AC2: 313282.47 | AD2: 362155.72 | AE2: 567067.3 | AF2: 665083.9 | AG2: 882477.99 | AH2: 805693.94 | AI2: =AVERAGE(R2:AH2) -> 541867.85 | AJ2: =AVERAGE(S2:AI2) -> 503049.76 | AK2: =AVERAGE(T2:AJ2) -> 482476.8 | AL2: =AVERAGE(U2:AK2) -> 454155.81 | AM2: =AVERAGE(V2:AL2) -> 460727.33 | AN2: =AVERAGE(W2:AM2) -> 471526.35 | AO2: =AVERAGE(X2:AN2) -> 480195.55 | AP2: =AVERAGE(Y2:AO2) -> 498271.9 | ... BJ2: =AVERAGE(AS2:BI2) -> 527272.58
A3: kt CO2e to g CO2e | B3: 1000000000
A4: LULUCF Emissions (g CO2e) | B4: =B6*$B$3 -> 9.0806633e+14 | C4: =C6*$B$3 -> 7.2620432e+14 | D4: =D6*$B$3 -> 8.3912158e+14 | E4: =E6*$B$3 -> 8.7471207e+14 | F4: =F6*$B$3 -> 8.5411248e+14 | G4: =G6*$B$3 -> 1.973225e+15 | H4: =H6*$B$3 -> 1.2456469e+15 | I4: =I6*$B$3 -> 9.1557741e+14 | ... BJ4: =BJ6*$B$3 -> 6.7865403e+13
A5: CGR | B5: =((AH2/B2)*EXP(1/32)-1) -> -0.084571928
A6: LULUCF Emissions (g CO2e) | B6: =B2 -> 908066.33 | C6: =C2 -> 726204.32 | D6: =D2 -> 839121.58 | E6: =E2 -> 874712.07 | F6: =F2 -> 854112.48 | G6: =G2 -> 1973225 | H6: =H2 -> 1245646.9 | I6: =I2 -> 915577.41 | ... AH6: =AH2 -> 805693.94 | AI6: =AH6+AH6*$B$5 -> 737554.85 | AJ6: =AI6+AI6*$B$5 -> 675178.42 | AK6: =AJ6+AJ6*$B$5 -> 618077.27 | AL6: =AK6+AK6*$B$5 -> 565805.29 | AM6: =AL6+AL6*$B$5 -> 517954.04 | AN6: =AM6+AM6*$B$5 -> 474149.67 | AO6: =AN6+AN6*$B$5 -> 434049.92 | AP6: =AO6+AO6*$B$5 -> 397341.48 | ... BJ6: =BI6+BI6*$B$5 -> 67865.403
A7: LULUCF Emissions-Smoothing (g CO2e) | B7: ='MA-Smoothing'!B3 -> 837000000000000 | C7: ='MA-Smoothing'!C3 -> 840000000000000 | D7: ='MA-Smoothing'!D3 -> 1.05e+15 | E7: ='MA-Smoothing'!E3 -> 1.16e+15 | F7: ='MA-Smoothing'!F3 -> 1.17e+15 | G7: ='MA-Smoothing'!G3 -> 1.23e+15 | H7: ='MA-Smoothing'!H3 -> 1.29e+15 | I7: ='MA-Smoothing'!I3 -> 1.13e+15 | ... BJ7: ='MA-Smoothing'!BJ3 -> 71000000000000
A9: Year | B9: 2020 | C9: 2021 | D9: 2022 | E9: 2023 | F9: 2024 | G9: 2025 | H9: 2026 | I9: 2027 | J9: 2028 | K9: 2029 | L9: 2030 | M9: 2031 | N9: 2032 | O9: 2033 | P9: 2034 | Q9: 2035 | R9: 2036 | S9: 2037 | T9: 2038 | U9: 2039 | V9: 2040 | W9: 2041 | X9: 2042 | Y9: 2043 | Z9: 2044 | AA9: 2045 | AB9: 2046 | AC9: 2047 | AD9: 2048 | AE9: 2049 | AF9: 2050
A10: CO2 (g CO2e) | B10: =AF7*'Share of Pollutants'!$B$17 -> 6.2917053e+14 | C10: =AG7*'Share of Pollutants'!$B$17 -> 8.4918111e+14 | D10: =AH7*'Share of Pollutants'!$B$17 -> 8.402214e+14 | E10: =AI7*'Share of Pollutants'!$B$17 -> 7.7650793e+14 | F10: =AJ7*'Share of Pollutants'!$B$17 -> 6.2021082e+14 | G10: =AK7*'Share of Pollutants'!$B$17 -> 5.674481e+14 | H10: =AL7*'Share of Pollutants'!$B$17 -> 5.19663e+14 | I10: =AM7*'Share of Pollutants'!$B$17 -> 4.7585999e+14 | ... AF10: =BJ7*'Share of Pollutants'!$B$17 -> 7.0682132e+13
A11: CH4 (g Co2e) | B11: =AF7*'Share of Pollutants'!$B$18 -> 2.7454538e+12 | C11: =AG7*'Share of Pollutants'!$B$18 -> 3.7054939e+12 | D11: =AH7*'Share of Pollutants'!$B$18 -> 3.6663972e+12 | E11: =AI7*'Share of Pollutants'!$B$18 -> 3.3883766e+12 | F11: =AJ7*'Share of Pollutants'!$B$18 -> 2.7063572e+12 | G11: =AK7*'Share of Pollutants'!$B$18 -> 2.4761213e+12 | H11: =AL7*'Share of Pollutants'!$B$18 -> 2.2676059e+12 | I11: =AM7*'Share of Pollutants'!$B$18 -> 2.0764667e+12 | ... AF11: =BJ7*'Share of Pollutants'!$B$18 -> 3.0842915e+11
A12: N2O(g CO2e) | B12: =AF7*'Share of Pollutants'!$B$19 -> 8.4016738e+10 | C12: =AG7*'Share of Pollutants'!$B$19 -> 1.1339601e+11 | D12: =AH7*'Share of Pollutants'!$B$19 -> 1.1219957e+11 | E12: =AI7*'Share of Pollutants'!$B$19 -> 1.0369154e+11 | F12: =AJ7*'Share of Pollutants'!$B$19 -> 8.2820297e+10 | G12: =AK7*'Share of Pollutants'!$B$19 -> 7.577459e+10 | H12: =AL7*'Share of Pollutants'!$B$19 -> 6.9393572e+10 | I12: =AM7*'Share of Pollutants'!$B$19 -> 6.3544305e+10 | ... AF12: =BJ7*'Share of Pollutants'!$B$19 -> 9.4385893e+09
A15: Global Warming Potential | B15: CO2e
A16: CO2 | B16: 1
A17: CH4 | B17: 28
A18: N2O | B18: 265
A21: Year | B21: 2020 | C21: 2021 | D21: 2022 | E21: 2023 | F21: 2024 | G21: 2025 | H21: 2026 | I21: 2027 | J21: 2028 | K21: 2029 | L21: 2030 | M21: 2031 | N21: 2032 | O21: 2033 | P21: 2034 | Q21: 2035 | R21: 2036 | S21: 2037 | T21: 2038 | U21: 2039 | V21: 2040 | W21: 2041 | X21: 2042 | Y21: 2043 | Z21: 2044 | AA21: 2045 | AB21: 2046 | AC21: 2047 | AD21: 2048 | AE21: 2049 | AF21: 2050
A22: CO2 (g pollutant) | B22: =B10/$B$16 -> 6.2917053e+14 | C22: =C10/$B$16 -> 8.4918111e+14 | D22: =D10/$B$16 -> 8.402214e+14 | E22: =E10/$B$16 -> 7.7650793e+14 | F22: =F10/$B$16 -> 6.2021082e+14 | G22: =G10/$B$16 -> 5.674481e+14 | H22: =H10/$B$16 -> 5.19663e+14 | I22: =I10/$B$16 -> 4.7585999e+14 | ... AF22: =AF10/$B$16 -> 7.0682132e+13
A23: CH4 (g pollutant) | B23: =B11/$B$17 -> 9.8051923e+10 | C23: =C11/$B$17 -> 1.3233907e+11 | D23: =D11/$B$17 -> 1.3094276e+11 | E23: =E11/$B$17 -> 1.2101345e+11 | F23: =F11/$B$17 -> 9.6655614e+10 | G23: =G11/$B$17 -> 8.8432905e+10 | H23: =H11/$B$17 -> 8.0985923e+10 | I23: =I11/$B$17 -> 7.4159524e+10 | ... AF23: =AF11/$B$17 -> 1.1015327e+10
A24: N2O (g pollutant) | B24: =B12/$B$18 -> 3.170443e+08 | C24: =C12/$B$18 -> 4.2790947e+08 | D24: =D12/$B$18 -> 4.233946e+08 | E24: =E12/$B$18 -> 3.9128885e+08 | F24: =F12/$B$18 -> 3.1252942e+08 | G24: =G12/$B$18 -> 2.8594185e+08 | H24: =H12/$B$18 -> 2.6186253e+08 | I24: =I12/$B$18 -> 2.3978983e+08 | ... AF24: =AF12/$B$18 -> 35617318

Sheet BLAPE
A1: Year | B1: 2020 | C1: 2021 | D1: 2022 | E1: 2023 | F1: 2024 | G1: 2025 | H1: 2026 | I1: 2027 | J1: 2028 | K1: 2029 | L1: 2030 | M1: 2031 | N1: 2032 | O1: 2033 | P1: 2034 | Q1: 2035 | R1: 2036 | S1: 2037 | T1: 2038 | U1: 2039 | V1: 2040 | W1: 2041 | X1: 2042 | Y1: 2043 | Z1: 2044 | AA1: 2045 | AB1: 2046 | AC1: 2047 | AD1: 2048 | AE1: 2049 | AF1: 2050
A2: CO2 (g) | B2: ='Government Data'!B22 -> 6.2917053e+14 | C2: ='Government Data'!C22 -> 8.4918111e+14 | D2: ='Government Data'!D22 -> 8.402214e+14 | E2: ='Government Data'!E22 -> 7.7650793e+14 | F2: ='Government Data'!F22 -> 6.2021082e+14 | G2: ='Government Data'!G22 -> 5.674481e+14 | H2: ='Government Data'!H22 -> 5.19663e+14 | I2: ='Government Data'!I22 -> 4.7585999e+14 | ... AF2: ='Government Data'!AF22 -> 7.0682132e+13
A3: VOCs (g) | B3: 0 | C3: 0 | D3: 0 | E3: 0 | F3: 0 | G3: 0 | H3: 0 | I3: 0 | J3: 0 | K3: 0 | L3: 0 | M3: 0 | N3: 0 | O3: 0 | P3: 0 | Q3: 0 | R3: 0 | S3: 0 | T3: 0 | U3: 0 | V3: 0 | W3: 0 | X3: 0 | Y3: 0 | Z3: 0 | AA3: 0 | AB3: 0 | AC3: 0 | AD3: 0 | AE3: 0 | AF3: 0
A4: CO (g) | B4: 0 | C4: 0 | D4: 0 | E4: 0 | F4: 0 | G4: 0 | H4: 0 | I4: 0 | J4: 0 | K4: 0 | L4: 0 | M4: 0 | N4: 0 | O4: 0 | P4: 0 | Q4: 0 | R4: 0 | S4: 0 | T4: 0 | U4: 0 | V4: 0 | W4: 0 | X4: 0 | Y4: 0 | Z4: 0 | AA4: 0 | AB4: 0 | AC4: 0 | AD4: 0 | AE4: 0 | AF4: 0
A5: NOx (g) | B5: 0 | C5: 0 | D5: 0 | E5: 0 | F5: 0 | G5: 0 | H5: 0 | I5: 0 | J5: 0 | K5: 0 | L5: 0 | M5: 0 | N5: 0 | O5: 0 | P5: 0 | Q5: 0 | R5: 0 | S5: 0 | T5: 0 | U5: 0 | V5: 0 | W5: 0 | X5: 0 | Y5: 0 | Z5: 0 | AA5: 0 | AB5: 0 | AC5: 0 | AD5: 0 | AE5: 0 | AF5: 0
A6: PM10 (g) | B6: 0 | C6: 0 | D6: 0 | E6: 0 | F6: 0 | G6: 0 | H6: 0 | I6: 0 | J6: 0 | K6: 0 | L6: 0 | M6: 0 | N6: 0 | O6: 0 | P6: 0 | Q6: 0 | R6: 0 | S6: 0 | T6: 0 | U6: 0 | V6: 0 | W6: 0 | X6: 0 | Y6: 0 | Z6: 0 | AA6: 0 | AB6: 0 | AC6: 0 | AD6: 0 | AE6: 0 | AF6: 0
A7: PM25 (g) | B7: 0 | C7: 0 | D7: 0 | E7: 0 | F7: 0 | G7: 0 | H7: 0 | I7: 0 | J7: 0 | K7: 0 | L7: 0 | M7: 0 | N7: 0 | O7: 0 | P7: 0 | Q7: 0 | R7: 0 | S7: 0 | T7: 0 | U7: 0 | V7: 0 | W7: 0 | X7: 0 | Y7: 0 | Z7: 0 | AA7: 0 | AB7: 0 | AC7: 0 | AD7: 0 | AE7: 0 | AF7: 0
A8: SOx (g) | B8: 0 | C8: 0 | D8: 0 | E8: 0 | F8: 0 | G8: 0 | H8: 0 | I8: 0 | J8: 0 | K8: 0 | L8: 0 | M8: 0 | N8: 0 | O8: 0 | P8: 0 | Q8: 0 | R8: 0 | S8: 0 | T8: 0 | U8: 0 | V8: 0 | W8: 0 | X8: 0 | Y8: 0 | Z8: 0 | AA8: 0 | AB8: 0 | AC8: 0 | AD8: 0 | AE8: 0 | AF8: 0
A9: BC (g) | B9: 0 | C9: 0 | D9: 0 | E9: 0 | F9: 0 | G9: 0 | H9: 0 | I9: 0 | J9: 0 | K9: 0 | L9: 0 | M9: 0 | N9: 0 | O9: 0 | P9: 0 | Q9: 0 | R9: 0 | S9: 0 | T9: 0 | U9: 0 | V9: 0 | W9: 0 | X9: 0 | Y9: 0 | Z9: 0 | AA9: 0 | AB9: 0 | AC9: 0 | AD9: 0 | AE9: 0 | AF9: 0
A10: OC (g) | B10: 0 | C10: 0 | D10: 0 | E10: 0 | F10: 0 | G10: 0 | H10: 0 | I10: 0 | J10: 0 | K10: 0 | L10: 0 | M10: 0 | N10: 0 | O10: 0 | P10: 0 | Q10: 0 | R10: 0 | S10: 0 | T10: 0 | U10: 0 | V10: 0 | W10: 0 | X10: 0 | Y10: 0 | Z10: 0 | AA10: 0 | AB10: 0 | AC10: 0 | AD10: 0 | AE10: 0 | AF10: 0
A11: CH4 (g) | B11: ='Government Data'!B23 -> 9.8051923e+10 | C11: ='Government Data'!C23 -> 1.3233907e+11 | D11: ='Government Data'!D23 -> 1.3094276e+11 | E11: ='Government Data'!E23 -> 1.2101345e+11 | F11: ='Government Data'!F23 -> 9.6655614e+10 | G11: ='Government Data'!G23 -> 8.8432905e+10 | H11: ='Government Data'!H23 -> 8.0985923e+10 | I11: ='Government Data'!I23 -> 7.4159524e+10 | ... AF11: ='Government Data'!AF23 -> 1.1015327e+10
A12: N2O (g) | B12: ='Government Data'!B24 -> 3.170443e+08 | C12: ='Government Data'!C24 -> 4.2790947e+08 | D12: ='Government Data'!D24 -> 4.233946e+08 | E12: ='Government Data'!E24 -> 3.9128885e+08 | F12: ='Government Data'!F24 -> 3.1252942e+08 | G12: ='Government Data'!G24 -> 2.8594185e+08 | H12: ='Government Data'!H24 -> 2.6186253e+08 | I12: ='Government Data'!I24 -> 2.3978983e+08 | ... AF12: ='Government Data'!AF24 -> 35617318
A13: F gases (g CO2e) | B13: 0 | C13: 0 | D13: 0 | E13: 0 | F13: 0 | G13: 0 | H13: 0 | I13: 0 | J13: 0 | K13: 0 | L13: 0 | M13: 0 | N13: 0 | O13: 0 | P13: 0 | Q13: 0 | R13: 0 | S13: 0 | T13: 0 | U13: 0 | V13: 0 | W13: 0 | X13: 0 | Y13: 0 | Z13: 0 | AA13: 0 | AB13: 0 | AC13: 0 | AD13: 0 | AE13: 0 | AF13: 0
