Workbook
Name gal_per_barrel: [1]About!$A$63

Sheet About
A1: BFPIaE BAU Fuel Production
A2: BFPIaE BAU Fuel Imports
A3: BFPIaE BAU Fuel Exports
A5: Source: | B5: National Energy Balance - BEN 2023
B6: Empresa de Pesquisa Energética - official Energy Research Office
B7: all fuels
B8: 2023 edition with data up to 2022
B9: https://www.epe.gov.br/pt/publicacoes-dados-abertos/publicacoes/balanco-energetico-nacional-2023
B10: Area: Brazil, Period: Annual 2023
B12: Ten-Year Energy Expansion Plan - PDE 2023-32
B13: Empresa de Pesquisa Energética - official Energy Research Office
B14: 2023 edition with projections up to 2032
B15: all fuels
B16: https://www.epe.gov.br/pt/publicacoes-dados-abertos/publicacoes/plano-decenal-de-expansao-de-energia-2032
A17: natural gas | B17: see Caderno de Previsão da Produção de Petróleo e Gás Natural
A18: biomass | B18: calculated from bagasse, its main component
A19: bagasse | B19: see Oferta de Biocombustiveis
A20: petroleum gasoline | B20: see Caderno de Abastecimento de Derivados
A21: petroleum diesel | B21: see Caderno de Abastecimento de Derivados
A22: biofuel gasoline | B22: see Oferta de Biocombustiveis
A23: biofuel diesel | B23: see Oferta de Biocombustiveis
A24: jet fuel | B24: see Caderno de Abastecimento de Derivados
A25: crude oil | B25: see Caderno de Previsão da Produção de Petróleo e Gás Natural
A26: heavy fuel oil | B26: see Caderno de Previsão da Produção de Petróleo e Gás Natural
A27: LPG propane or butane | B27: see Caderno de Abastecimento de Derivados
B29: Unit Conversions for hard coal, natural gas, petroleum fuels, LPG, liquid biofuels, lignite, biomass
B30: National Energy Balance - BEN 2023
B31: Empresa de Pesquisa Energética - official Energy Research Office
B32: Annex VIII - Tables 1 - 10
B33: https://www.epe.gov.br/pt/publicacoes-dados-abertos/publicacoes/balanco-energetico-nacional-2023
A35: Notes
A37: Collect Export, Import, and Production Data for Each Fuel
A38: The consolidated data in this variable (production, imports, exports, and domestic use of each fuel)
A39: is used in the variable fuels/CiFIaEpUDFS. Therefore, even though this variable only outputs
A40: production and exports, you should also collect data on fuel imports. (Domestic use data
A41: can be calculated from production, imports, and exports. We ignore changes in fuel stocks,
A42: which should average to zero over multi-year timeframes.)
A44: Time Series
A45: This variable contains time series data.
A46: However, only data from the first year are used in variable fuels/CiFIaEpUDFS.
A47: In the future, fuels/CiFIaEpUDFS may be replaced with internal Vensim calculations,
A48: making those values sensitive to changes over time.
... A64: Brazil specifics
A65: hard coal | B65: No plans for new steel plants, the only consumer of hard coal. Demand to remain constant
A66: nuclear | B66: Third nuclear plant still unfinished with low likelyhood of running. Demand to remain constant
A67: lignite | B67: No new plants in the pipeline. Demand to remain constant.
A68: MSW | B68: No plants using residues in operations nor forecasted in the National Plan
A69: hydrogen | B69: No plants using H2 in operations nor forecasted in the National Plan

Sheet PDE-O&G
B2: DECENAL ENERGY PLAN 2023-2032
B3: Forecast of Oil and Natural Gas Production Notes
B4: Petroleum Products Supply Notes
D5: 2021 | E5: =1+D5 -> 2022 | F5: =1+E5 -> 2023 | G5: =1+F5 -> 2024 | H5: =1+G5 -> 2025 | I5: =1+H5 -> 2026 | J5: =1+I5 -> 2027 | K5: =1+J5 -> 2028 | L5: =1+K5 -> 2029 | ... O5: =1+N5 -> 2032
B6: petroleo | C6: 1000 m3 | D6: =BEN!L53 -> 168784 | E6: =BEN!M53 -> 175531 | F6: =E6*F7/E7 -> 193084.1 | G6: =F6*G7/F7 -> 222339.27 | H6: =G6*H7/G7 -> 239892.37 | I6: =H6*I7/H7 -> 263296.5 | J6: =I6*J7/I7 -> 274998.57 | K6: =J6*K7/J7 -> 298402.7 | L6: =K6*L7/K7 -> 315955.8 | M6: =L6*M7/L7 -> 310104.77 | ... O6: =N6*O7/N7 -> 286700.63
A7: =BEN!M53 -> 175531 | C7: keep proportion | E7: =365*E9/$P$7*1000 -> 174091.11 | F7: =365*F9/$P$7*1000 -> 191500.22 | G7: =365*G9/$P$7*1000 -> 220515.41 | H7: =365*H9/$P$7*1000 -> 237924.52 | I7: =365*I9/$P$7*1000 -> 261136.66 | J7: =365*J9/$P$7*1000 -> 272742.74 | K7: =365*K9/$P$7*1000 -> 295954.89 | L7: =365*L9/$P$7*1000 -> 313364 | ... O7: =365*O9/$P$7*1000 -> 284348.81 | P7: 6.28981 | Q7: Forecast of Oil and Natural Gas Production Notes
C8: Mbbl | E8: =365*E9 -> 1095 | F8: =365*F9 -> 1204.5 | G8: =365*G9 -> 1387 | H8: =365*H9 -> 1496.5 | I8: =365*I9 -> 1642.5 | J8: =365*J9 -> 1715.5 | K8: =365*K9 -> 1861.5 | L8: =365*L9 -> 1971 | ... O8: =365*O9 -> 1788.5
B9: production | C9: Mbbl/d | E9: 3 | F9: 3.3 | G9: 3.8 | H9: 4.1 | I9: 4.5 | J9: 4.7 | K9: 5.1 | L9: 5.4 | M9: 5.3 | N9: 5.2 | O9: 4.9
B10: import | C10: 1000 m3 | E10: =BEN!M54 -> 14280 | F10: =E10*F11/E11 -> 13016.283 | G10: =F10*G11/F11 -> 11752.566 | H10: =G10*H11/G11 -> 10488.85 | I10: =H10*I11/H11 -> 10320.354 | J10: =I10*J11/I11 -> 10151.858 | K10: =J10*K11/J11 -> 9983.3628 | L10: =K10*L11/K11 -> 10109.735 | M10: =L10*M11/L11 -> 10236.106 | ... O10: =N10*O11/N11 -> 10488.85
C11: keep proportion | E11: =365*E12/$P$7 -> 13114.864 | F11: =365*F12/$P$7 -> 11954.256 | G11: =365*G12/$P$7 -> 10793.649 | H11: =365*H12/$P$7 -> 9633.0414 | I11: =365*I12/$P$7 -> 9478.2937 | J11: =365*J12/$P$7 -> 9323.5461 | K11: =365*K12/$P$7 -> 9168.7984 | L11: =365*L12/$P$7 -> 9284.8592 | ... O11: =365*O12/$P$7 -> 9633.0414
C12: Mbbl/d | E12: =145+81 -> 226 | F12: =E12+1*(H12-E12)/(H$5-E$5) -> 206 | G12: =E12+2*(H12-E12)/(H$5-E$5) -> 186 | H12: =91+75 -> 166 | I12: =H12+1*(K12-H12)/(K$5-H$5) -> 163.33333 | J12: =H12+2*(K12-H12)/(K$5-H$5) -> 160.66667 | K12: =83+75 -> 158 | L12: =K12+1*(O12-K12)/(O5-K5) -> 160 | M12: =K12+2*(O12-K12)/(O5-K5) -> 162 | N12: =K12+3*(O12-K12)/(O5-K5) -> 164 | O12: =91+75 -> 166
B13: export | C13: 1000 m3 | E13: =E14*E6 -> 71967.71 | F13: =F14*F6 -> 89462.3 | G13: =G14*G6 -> 114875.29 | H13: =H14*H6 -> 136738.65 | I13: =I14*I6 -> 154467.28 | J13: =J14*J6 -> 165915.8 | K13: =K14*K6 -> 185009.67 | L13: =L14*L6 -> 195102.71 | ... O13: =O14*O6 -> 174887.39
C14: Relação entre exportação de petróleo e produção nacional | E14: 0.41 | F14: =$E14+(F5-$E5)*($H14-$E14)/($H5-$E5) -> 0.46333333 | G14: =$E14+(G5-$E5)*($H14-$E14)/($H5-$E5) -> 0.51666667 | H14: 0.57 | I14: =$H14+(I5-$H5)*($K14-$H14)/($K5-$H5) -> 0.58666667 | J14: =$H14+(J5-$H5)*($K14-$H14)/($K5-$H5) -> 0.60333333 | K14: 0.62 | L14: =$K14+(L5-$K5)*($O14-$K14)/($O5-$K5) -> 0.6175 | M14: =$K14+(M5-$K5)*($O14-$K14)/($O5-$K5) -> 0.615 | N14: =$K14+(N5-$K5)*($O14-$K14)/($O5-$K5) -> 0.6125 | O14: 0.61
B16: nat gas | C16: 10^6 m3 | D16: =365*D17 -> 20440 | E16: =365*E17 -> 24820 | F16: =365*F17 -> 26280 | G16: =365*G17 -> 27375 | H16: =365*H17 -> 27740 | I16: =365*I17 -> 28470 | J16: =365*J17 -> 34675 | K16: =365*K17 -> 40150 | ... O16: =365*O17 -> 48910 | Q16: Forecast of Oil and Natural Gas Production Notes
B17: production | C17: Mm3/d | D17: 56 | E17: 68 | F17: 72 | G17: 75 | H17: 76 | I17: 78 | J17: 95 | K17: 110 | L17: 116 | M17: 121 | N17: 129 | O17: 134
B18: import | C18: 10^6 m3 | E18: =365*(-E17+E19) -> 17520 | F18: =365*(-F17+F19) -> 22630 | G18: =365*(-G17+G19) -> 27375 | H18: =365*(-H17+H19) -> 26645 | I18: =365*(-I17+I19) -> 26280 | J18: =365*(-J17+J19) -> 23725 | K18: =365*(-K17+K19) -> 21900 | L18: =365*(-L17+L19) -> 19710 | ... O18: =365*(-O17+O19) -> 17520
E19: 116 | F19: 134 | G19: 150 | H19: 149 | I19: 150 | J19: 160 | K19: 170 | L19: 170 | M19: 173 | N19: 178 | O19: 182
B21: pet gasoline | C21: 1000 m3 | E21: =BEN!M27+BEN!M28+BEN!M30 -> 32820 | F21: =E21*F22/E22 -> 30560.88 | G21: =F21*G22/F22 -> 28364.512 | H21: =G21*H22/G22 -> 25917.132 | I21: =H21*I22/H22 -> 23909.025 | J21: =I21*J22/I22 -> 23030.478 | K21: =J21*K22/J22 -> 23030.478 | L21: =K21*L22/K22 -> 23469.751 | M21: =L21*M22/L22 -> 25289.598 | ... O21: =N21*O22/N22 -> 29682.333
C22: keep proportion | E22: =365*E23 -> 29579.542 | F22: =365*F23 -> 27543.474 | G22: =365*G23 -> 25563.963 | H22: =365*H23 -> 23358.223 | I22: =365*I23 -> 21548.385 | J22: =365*J23 -> 20756.581 | K22: =365*K23 -> 20756.581 | L22: =365*L23 -> 21152.483 | ... O22: =365*O23 -> 26751.669 | Q22: Petroleum Products Supply Notes
B23: demand | C23: Mm3/d | E23: 81.03984 | F23: 75.461572 | G23: 70.038255 | H23: 63.995132 | I23: 59.036671 | J23: 56.867345 | K23: 56.867345 | L23: 57.952008 | M23: 62.445613 | N23: 67.868929 | O23: 73.292245
B24: production | C24: 1000 m3 | E24: =BEN!M27 -> 28674 | F24: =E24*F25/E25 -> 27860.028 | G24: =F24*G25/F25 -> 27046.057 | H24: =G24*H25/G25 -> 26232.085 | I24: =H24*I25/H25 -> 26540.408 | J24: =I24*J25/I25 -> 26848.73 | K24: =J24*K25/J25 -> 27157.053 | L24: =K24*L25/K25 -> 27009.058 | M24: =L24*M25/L25 -> 26861.063 | ... O24: =N24*O25/N25 -> 26565.074
C25: keep proportion | E25: =365*E26 -> 28287.5 | F25: =365*F26 -> 27484.5 | G25: =365*G26 -> 26681.5 | H25: =365*H26 -> 25878.5 | I25: =365*I26 -> 26182.667 | J25: =365*J26 -> 26486.833 | K25: =365*K26 -> 26791 | L25: =365*L26 -> 26645 | ... O25: =365*O26 -> 26207
C26: Mm3/d | E26: 77.5 | F26: 75.3 | G26: 73.1 | H26: 70.9 | I26: 71.733333 | J26: 72.566667 | K26: 73.4 | L26: 73 | M26: 72.6 | N26: 72.2 | O26: 71.8
B27: imp+exp | C27: 1000 m3 | E27: =E21-E24 -> 4146 | F27: =F21-F24 -> 2700.8512 | G27: =G21-G24 -> 1318.4557 | H27: =H21-H24 -> -314.95323 | I27: =I21-I24 -> -2631.3829 | J27: =J21-J24 -> -3818.2523 | K27: =K21-K24 -> -4126.5749 | L27: =L21-L24 -> -3539.3066 | ... O27: =O21-O24 -> 3117.2591
B28: imp | E28: =IF(E27<0,0,$P28*E27) -> 3190.7277 | F28: =IF(F27<0,0,$P28*F27) -> 2078.553 | G28: =IF(G27<0,0,$P28*G27) -> 1014.6727 | H28: =IF(H27<0,0,$P28*H27) -> 0 | I28: =IF(I27<0,0,$P28*I27) -> 0 | J28: =IF(J27<0,0,$P28*J27) -> 0 | K28: =IF(K27<0,0,$P28*K27) -> 0 | L28: =IF(L27<0,0,$P28*L27) -> 0 | ... O28: =IF(O27<0,0,$P28*O27) -> 2399.0172 | P28: =AVERAGE(BEN!D28:M28)/(AVERAGE(BEN!D28:M28)+AVERAGE(BEN!D29:M29)) -> 0.76959183
B29: exp | E29: =IF(E27<0,E27,$P29*E27) -> 955.27226 | F29: =IF(F27<0,F27,$P29*F27) -> 622.29817 | G29: =IF(G27<0,G27,$P29*G27) -> 303.78295 | H29: =IF(H27<0,H27,$P29*H27) -> -314.95323 | I29: =IF(I27<0,I27,$P29*I27) -> -2631.3829 | J29: =IF(J27<0,J27,$P29*J27) -> -3818.2523 | K29: =IF(K27<0,K27,$P29*K27) -> -4126.5749 | L29: =IF(L27<0,L27,$P29*L27) -> -3539.3066 | ... O29: =IF(O27<0,O27,$P29*O27) -> 718.24197 | P29: =AVERAGE(BEN!D29:M29)/(AVERAGE(BEN!D28:M28)+AVERAGE(BEN!D29:M29)) -> 0.23040817
B32: pet diesel | C32: 1000 m3 | E32: =(BEN!M31+BEN!M32+BEN!M33) -> 59900 | F32: =E32*F33/E33 -> 61135.438 | G32: =F32*G33/F33 -> 62370.875 | H32: =G32*H33/G33 -> 63606.313 | I32: =H32*I33/H33 -> 64841.75 | J32: =I32*J33/I33 -> 66077.188 | K32: =J32*K33/J33 -> 67312.625 | L32: =K32*L33/K33 -> 68548.063 | M32: =L32*M33/L33 -> 69783.5 | ... O32: =N32*O33/N33 -> 72254.375
C33: keep proportion | E33: =365*E34 -> 58400 | F33: =365*F34 -> 59604.5 | G33: =365*G34 -> 60809 | H33: =365*H34 -> 62013.5 | I33: =365*I34 -> 63218 | J33: =365*J34 -> 64422.5 | K33: =365*K34 -> 65627 | L33: =365*L34 -> 66831.5 | ... O33: =365*O34 -> 70445 | Q33: Petroleum Products Supply Notes
B34: demand | C34: Mm3/d | E34: 160 | F34: =E34+$P34 -> 163.3 | G34: =F34+$P34 -> 166.6 | H34: =G34+$P34 -> 169.9 | I34: =H34+$P34 -> 173.2 | J34: =I34+$P34 -> 176.5 | K34: =J34+$P34 -> 179.8 | L34: =K34+$P34 -> 183.1 | M34: =L34+$P34 -> 186.4 | N34: =M34+$P34 -> 189.7 | O34: 193 | P34: =(O34-E34)/(O$5-E$5) -> 3.3
B35: production | C35: 1000 m3 | E35: =365*E36 -> 45625 | F35: =365*F36 -> 45369.5 | G35: =365*G36 -> 45114 | H35: =365*H36 -> 44858.5 | I35: =365*I36 -> 46367.167 | J35: =365*J36 -> 47875.833 | K35: =365*K36 -> 49384.5 | L35: =365*L36 -> 49886.375 | ... O35: =365*O36 -> 51392
C36: Mm3/d | E36: 125 | F36: 124.3 | G36: 123.6 | H36: 122.9 | I36: 127.03333 | J36: 131.16667 | K36: 135.3 | L36: 136.675 | M36: 138.05 | N36: 139.425 | O36: 140.8
B37: imp+exp | C37: 1000 m3 | E37: =E32-E35 -> 14275 | F37: =F32-F35 -> 15765.938 | G37: =G32-G35 -> 17256.875 | H37: =H32-H35 -> 18747.813 | I37: =I32-I35 -> 18474.583 | J37: =J32-J35 -> 18201.354 | K37: =K32-K35 -> 17928.125 | L37: =L32-L35 -> 18661.688 | ... O37: =O32-O35 -> 20862.375
E38: =$P38*E37 -> 13297.156 | F38: =$P38*F37 -> 14685.963 | G38: =$P38*G37 -> 16074.771 | H38: =$P38*H37 -> 17463.579 | I38: =$P38*I37 -> 17209.066 | J38: =$P38*J37 -> 16954.553 | K38: =$P38*K37 -> 16700.04 | L38: =$P38*L37 -> 17383.353 | ... O38: =$P38*O37 -> 19433.293 | P38: =AVERAGE(BEN!D32:M32)/AVERAGE(AVERAGE(BEN!D32:M32)+AVERAGE(BEN!D$33:M$33)) -> 0.93149953
E39: =$P39*E37 -> 977.84414 | F39: =$P39*F37 -> 1079.9741 | G39: =$P39*G37 -> 1182.104 | H39: =$P39*H37 -> 1284.2339 | I39: =$P39*I37 -> 1265.5176 | J39: =$P39*J37 -> 1246.8012 | K39: =$P39*K37 -> 1228.0849 | L39: =$P39*L37 -> 1278.3343 | ... O39: =$P39*O37 -> 1429.0824 | P39: =AVERAGE(BEN!D33:M33)/AVERAGE(AVERAGE(BEN!D32:M32)+AVERAGE(BEN!D$33:M$33)) -> 0.068500465
B41: jet fuel | C41: ktoe | D41: =BEN!L43 -> 3392 | E41: =BEN!M43 -> 4032 | F41: =E41*F42/E42 -> 4258.8 | G41: =F41*G42/F42 -> 4485.6 | H41: =G41*H42/G42 -> 4712.4 | I41: =H41*I42/H42 -> 4939.2 | J41: =I41*J42/I42 -> 5166 | K41: =J41*K42/J42 -> 5392.8 | L41: =K41*L42/K42 -> 5619.6 | M41: =L41*M42/L42 -> 5846.4 | ... O41: =N41*O42/N42 -> 6300 | Q41: Petroleum Products Supply Notes
C42: keep proportion | E42: =365*$P$42*E43 -> 4800.48 | F42: =365*$P$42*F43 -> 5070.507 | G42: =365*$P$42*G43 -> 5340.534 | H42: =365*$P$42*H43 -> 5610.561 | I42: =365*$P$42*I43 -> 5880.588 | J42: =365*$P$42*J43 -> 6150.615 | K42: =365*$P$42*K43 -> 6420.642 | L42: =365*$P$42*L43 -> 6690.669 | ... O42: =365*$P$42*O43 -> 7500.75 | P42: 0.822 | Q42: km3/ktoe
B43: demand | C43: Mm3/d | E43: 16 | F43: =$E43+(F5-$E5)*($O43-$E43)/($O5-$E5) -> 16.9 | G43: =$E43+(G5-$E5)*($O43-$E43)/($O5-$E5) -> 17.8 | H43: =$E43+(H5-$E5)*($O43-$E43)/($O5-$E5) -> 18.7 | I43: =$E43+(I5-$E5)*($O43-$E43)/($O5-$E5) -> 19.6 | J43: =$E43+(J5-$E5)*($O43-$E43)/($O5-$E5) -> 20.5 | K43: =$E43+(K5-$E5)*($O43-$E43)/($O5-$E5) -> 21.4 | L43: =$E43+(L5-$E5)*($O43-$E43)/($O5-$E5) -> 22.3 | M43: =$E43+(M5-$E5)*($O43-$E43)/($O5-$E5) -> 23.2 | N43: =$E43+(N5-$E5)*($O43-$E43)/($O5-$E5) -> 24.1 | O43: 25
B44: production | C44: ktoe | D44: =BEN!L43 -> 3392 | E44: =BEN!M43 -> 4032 | F44: =E44*F45/E45 -> 4315.9437 | G44: =F44*G45/F45 -> 4599.8873 | H44: =G44*H45/G45 -> 4883.831 | I44: =H44*I45/H45 -> 5262.4225 | J44: =I44*J45/I45 -> 5451.7183 | K44: =J44*K45/J45 -> 5451.7183 | L44: =K44*L45/K45 -> 5494.3099 | M44: =L44*M45/L45 -> 5536.9014 | ... O44: =N44*O45/N45 -> 5622.0845
C45: keep proportion | E45: =365*$P$42*E46 -> 4260.426 | F45: =365*$P$42*F46 -> 4560.456 | G45: =365*$P$42*G46 -> 4860.486 | H45: =365*$P$42*H46 -> 5160.516 | I45: =365*$P$42*I46 -> 5560.556 | J45: =365*$P$42*J46 -> 5760.576 | K45: =365*$P$42*K46 -> 5760.576 | L45: =365*$P$42*L46 -> 5805.5805 | ... O45: =365*$P$42*O46 -> 5940.594
C46: Mm3/d | E46: 14.2 | F46: =$E46+(F5-$E5)*($H46-$E46)/($H5-$E5) -> 15.2 | G46: =$E46+(G5-$E5)*($H46-$E46)/($H5-$E5) -> 16.2 | H46: 17.2 | I46: =$H46+(J5-$H5)*($K46-$H46)/($K5-$H5) -> 18.533333 | J46: =$H46+(K5-$H5)*($K46-$H46)/($K5-$H5) -> 19.2 | K46: 19.2 | L46: =$K46+(L5-$K5)*($O46-$K46)/($O5-$K5) -> 19.35 | M46: =$K46+(M5-$K5)*($O46-$K46)/($O5-$K5) -> 19.5 | N46: =$K46+(N5-$K5)*($O46-$K46)/($O5-$K5) -> 19.65 | O46: 19.8
B47: imp | D47: =BEN!M44 -> 841 | E47: =IF(E44<E41,E41-E44,E44+E48-E41) -> 0 | F47: =IF(F44<F41,F41-F44,F44+F48-F41) -> 152.62472 | G47: =IF(G44<G41,G41-G44,G44+G48-G41) -> 305.24945 | H47: =IF(H44<H41,H41-H44,H44+H48-H41) -> 457.87417 | I47: =IF(I44<I41,I41-I44,I44+I48-I41) -> 863.29347 | J47: =IF(J44<J41,J41-J44,J44+J48-J41) -> 763.12362 | K47: =IF(K44<K41,K41-K44,K44+K48-K41) -> 157.36462 | L47: =IF(L44<L41,L41-L44,L44+L48-L41) -> 125.29014 | ... O47: =IF(O44<O41,O41-O44,O44+O48-O41) -> 677.91549
B48: exp | D48: =BEN!M45 -> 1772 | E48: =IF(E44<E41,0,$P$48*(E44-E41)) -> 0 | F48: =IF(F44<F41,0,$P$48*(F44-F41)) -> 95.481062 | G48: =IF(G44<G41,0,$P$48*(G44-G41)) -> 190.96212 | H48: =IF(H44<H41,0,$P$48*(H44-H41)) -> 286.44319 | I48: =IF(I44<I41,0,$P$48*(I44-I41)) -> 540.07093 | J48: =IF(J44<J41,0,$P$48*(J44-J41)) -> 477.40531 | K48: =IF(K44<K41,0,$P$48*(K44-K41)) -> 98.446312 | L48: =IF(L44<L41,0,$P$48*(L44-L41)) -> 0 | ... O48: =IF(O44<O41,0,$P$48*(O44-O41)) -> 0 | P48: =SUM(BEN!D45:M45)/(SUM(BEN!D43:M43)-SUM(BEN!D46:M46)) -> 1.6708951
B50: heavy fuel oil | C50: 1000 m3 | E50: =365*E51 -> 6935 | F50: =365*F51 -> 7190.5 | G50: =365*G51 -> 7446 | H50: =365*H51 -> 7701.5 | I50: =365*I51 -> 7957 | J50: =365*J51 -> 8212.5 | K50: =365*K51 -> 8468 | L50: =365*L51 -> 8723.5 | ... O50: =365*O51 -> 9490 | Q50: Petroleum Products Supply Notes
B51: demand | C51: Mm3/d | E51: 19 | F51: =E51+$P51 -> 19.7 | G51: =F51+$P51 -> 20.4 | H51: =G51+$P51 -> 21.1 | I51: =H51+$P51 -> 21.8 | J51: =I51+$P51 -> 22.5 | K51: =J51+$P51 -> 23.2 | L51: =K51+$P51 -> 23.9 | M51: =L51+$P51 -> 24.6 | N51: =M51+$P51 -> 25.3 | O51: 26 | P51: =(O51-E51)/(O$5-E$5) -> 0.7
B52: production | C52: 1000 m3 | E52: =365*E53 -> 18213.5 | F52: =365*F53 -> 18408.167 | G52: =365*G53 -> 18602.833 | H52: =365*H53 -> 18797.5 | I52: =365*I53 -> 18481.167 | J52: =365*J53 -> 18164.833 | K52: =365*K53 -> 17848.5 | L52: =365*L53 -> 17282.75 | ... O52: =365*O53 -> 15585.5
C53: Mm3/d | E53: 49.9 | F53: 50.433333 | G53: 50.966667 | H53: 51.5 | I53: 50.633333 | J53: 49.766667 | K53: 48.9 | L53: 47.35 | M53: 45.8 | N53: 44.25 | O53: 42.7
B55: LPG | C55: 1000 m3 | E55: =365*E56 -> 13870 | F55: =365*F56 -> 14016 | G55: =365*G56 -> 14162 | H55: =365*H56 -> 14308 | I55: =365*I56 -> 14454 | J55: =365*J56 -> 14600 | K55: =365*K56 -> 14746 | L55: =365*L56 -> 14892 | ... O55: =365*O56 -> 15330 | Q55: Petroleum Products Supply Notes
B56: demand | C56: Mm3/d | E56: 38 | F56: =E56+$P56 -> 38.4 | G56: =F56+$P56 -> 38.8 | H56: =G56+$P56 -> 39.2 | I56: =H56+$P56 -> 39.6 | J56: =I56+$P56 -> 40 | K56: =J56+$P56 -> 40.4 | L56: =K56+$P56 -> 40.8 | M56: =L56+$P56 -> 41.2 | N56: =M56+$P56 -> 41.6 | O56: 42 | P56: =(O56-E56)/(O$5-E$5) -> 0.4
B57: production | C57: 1000 m3 | E57: =365*E58 -> 10110.5 | F57: =365*F58 -> 11096 | G57: =365*G58 -> 12081.5 | H57: =365*H58 -> 13067 | I57: =365*I58 -> 13298.167 | J57: =365*J58 -> 13529.333 | K57: =365*K58 -> 13760.5 | L57: =365*L58 -> 14235 | ... O57: =365*O58 -> 15658.5
C58: Mm3/d | E58: 27.7 | F58: 30.4 | G58: 33.1 | H58: 35.8 | I58: 36.433333 | J58: 37.066667 | K58: 37.7 | L58: 39 | M58: 40.3 | N58: 41.6 | O58: 42.9
C59: importação | E59: =BEN!M62 -> 3509 | F59: =F55*F60 -> 4292.7058 | G59: =G55*G60 -> 3717.7899 | H59: =H55*H60 -> 3130.098 | I59: =I55*I60 -> 2529.6302 | J59: =J55*J60 -> 1916.3865 | K59: =K55*K60 -> 1290.3669 | L59: =L55*L60 -> 651.57142 | M59: =M55*M60 -> 0 | ... O59: =O55*O60 -> 0
C60: relação produção satisfaz demanda | E60: =BEN!M62/BEN!M61 -> 0.35002494 | F60: =$E60+(F5-$E5)*($M60-$E60)/($M5-$E5) -> 0.30627182 | G60: =$E60+(G5-$E5)*($M60-$E60)/($M5-$E5) -> 0.2625187 | H60: =$E60+(H5-$E5)*($M60-$E60)/($M5-$E5) -> 0.21876559 | I60: =$E60+(I5-$E5)*($M60-$E60)/($M5-$E5) -> 0.17501247 | J60: =$E60+(J5-$E5)*($M60-$E60)/($M5-$E5) -> 0.13125935 | K60: =$E60+(K5-$E5)*($M60-$E60)/($M5-$E5) -> 0.087506234 | L60: =$E60+(L5-$E5)*($M60-$E60)/($M5-$E5) -> 0.043753117 | M60: 0 | N60: =$M60 -> 0 | O60: =$M60 -> 0

Sheet PDE Bio
B2: DECENAL ENERGY PLAN 2023-2032
B3: Biofuels Supply Notes
C5: 1000 m3 | D5: 2021 | E5: =1+D5 -> 2022 | F5: =1+E5 -> 2023 | G5: =1+F5 -> 2024 | H5: =1+G5 -> 2025 | I5: =1+H5 -> 2026 | J5: =1+I5 -> 2027 | K5: =1+J5 -> 2028 | L5: =1+K5 -> 2029 | ... O5: =1+N5 -> 2032
B6: Biofuel Gasoline (Ethanol) | C6: production | D6: =BEN!L35 -> 29898 | E6: =BEN!M35 -> 32485 | F6: =F$9*F10 -> 33074.141 | G6: =G$9*G10 -> 34954.928 | H6: =H$9*H10 -> 35771.333 | I6: =I$9*I10 -> 37112.683 | J6: =J$9*J10 -> 39146.632 | K6: =K$9*K10 -> 40227.565 | L6: =L$9*L10 -> 42105.155 | M6: =M$9*M10 -> 43468.681 | ... O6: =O$9*O10 -> 47147
C7: import | D7: =BEN!L36 -> 432 | E7: =BEN!M36 -> 99 | F7: 0 | G7: 0 | H7: 0 | I7: 0 | J7: 0 | K7: 0 | L7: 0 | M7: 0 | N7: 0 | O7: 0
C8: export | D8: =BEN!L37 -> 1868 | E8: =BEN!M37 -> 2358 | F8: =F6-F9 -> -742.74405 | G8: =G6-G9 -> -248.44946 | H8: =H6-H9 -> -875.383 | I8: =I6-I9 -> -1036.5486 | J8: =J6-J9 -> -566.71757 | K8: =K6-K9 -> -1114.0318 | L8: =L6-L9 -> -931.44728 | M8: =M6-M9 -> -1332.422 | ... O8: =O6-O9 -> -1403.1044
C9: total | D9: =BEN!L35 -> 29898 | E9: =BEN!M35 -> 32485 | F9: =E9*(1+$D$10) -> 33816.885 | G9: =F9*(1+$D$10) -> 35203.377 | H9: =G9*(1+$D$10) -> 36646.716 | I9: =H9*(1+$D$10) -> 38149.231 | J9: =I9*(1+$D$10) -> 39713.35 | K9: =J9*(1+$D$10) -> 41341.597 | L9: =K9*(1+$D$10) -> 43036.602 | M9: =L9*(1+$D$10) -> 44801.103 | ... O9: =N9*(1+$D$10) -> 48550.104
D10: =4.1% -> 0.041 | E10: =E6/E$9 -> 1 | F10: =$E10*(F11/$E11) -> 0.9780363 | G10: =$E10*(G11/$E11) -> 0.99294245 | H10: =$E10*(H11/$E11) -> 0.97611292 | I10: =$E10*(I11/$E11) -> 0.97282911 | J10: =$E10*(J11/$E11) -> 0.9857298 | K10: =$E10*(K11/$E11) -> 0.97305301 | L10: =$E10*(L11/$E11) -> 0.97835686 | M10: =$E10*(M11/$E11) -> 0.97025917 | ... O10: =$E10*(O11/$E11) -> 0.97109987
E11: =(E13+E14)/E$12 -> 0.99032258 | F11: =(F13+F14)/F$12 -> 0.96857143 | G11: =(G13+G14)/G$12 -> 0.98333333 | H11: =(H13+H14)/H$12 -> 0.96666667 | I11: =(I13+I14)/I$12 -> 0.96341463 | J11: =(J13+J14)/J$12 -> 0.97619048 | K11: =(K13+K14)/K$12 -> 0.96363636 | L11: =(L13+L14)/L$12 -> 0.96888889 | ... O11: =(O13+O14)/O$12 -> 0.96170213
D12: oferta | E12: 31 | F12: 35 | G12: 36 | H12: 39 | I12: 41 | J12: 42 | K12: 44 | L12: 45 | M12: 46 | N12: 46 | O12: 47
D13: cana | E13: 26.4 | F13: 29 | G13: 30 | H13: 31.2 | I13: 32.2 | J13: 33.1 | K13: 34.1 | L13: 34.9 | M13: 35.2 | N13: 35.6 | O13: 36.1
D14: milho | E14: 4.3 | F14: 4.9 | G14: 5.4 | H14: 6.5 | I14: 7.3 | J14: 7.9 | K14: 8.3 | L14: 8.7 | M14: 9 | N14: 9.1 | O14: 9.1
D15: imp | E15: =E12-(E13+E14) -> 0.3 | F15: =F12-(F13+F14) -> 1.1 | G15: =G12-(G13+G14) -> 0.6 | H15: =H12-(H13+H14) -> 1.3 | I15: =I12-(I13+I14) -> 1.5 | J15: =J12-(J13+J14) -> 1 | K15: =K12-(K13+K14) -> 1.6 | L15: =L12-(L13+L14) -> 1.4 | ... O15: =O12-(O13+O14) -> 1.8
C17: 1000 t | D17: 2021 | E17: =1+D17 -> 2022 | F17: =1+E17 -> 2023 | G17: =1+F17 -> 2024 | H17: =1+G17 -> 2025 | I17: =1+H17 -> 2026 | J17: =1+I17 -> 2027 | K17: =1+J17 -> 2028 | L17: =1+K17 -> 2029 | ... O17: =1+N17 -> 2032
B18: biomass | D18: =BEN!D19 -> 249890 | E18: =BEN!E19 -> 249326 | F18: =F19/$P$19 -> 258651.19 | G18: =G19/$P$19 -> 274209.15 | H18: =H19/$P$19 -> 289767.12 | I18: =I19/$P$19 -> 305325.09 | J18: =J19/$P$19 -> 320883.05 | K18: =K19/$P$19 -> 336441.02 | L18: =L19/$P$19 -> 351998.99 | M18: =M19/$P$19 -> 367556.95 | ... O18: =O19/$P$19 -> 398672.88
B19: bagasse | D19: =BEN!L23 -> 159922 | E19: =BEN!M23 -> 157053 | F19: =E19*F21/E21 -> 167104.39 | G19: =F19*G21/F21 -> 177155.78 | H19: =G19*H21/G21 -> 187207.18 | I19: =H19*I21/H21 -> 197258.57 | J19: =I19*J21/I21 -> 207309.96 | K19: =J19*K21/J21 -> 217361.35 | L19: =K19*L21/K21 -> 227412.74 | M19: =L19*M21/L21 -> 237464.14 | ... O19: =N19*O21/N21 -> 257566.92 | P19: =BEN!C25 -> 0.64606079
C21: 1000 t | E21: =8760*E22/$B$23 -> 153274.42 | F21: =8760*F22/$B$23 -> 163083.98 | G21: =8760*G22/$B$23 -> 172893.55 | H21: =8760*H22/$B$23 -> 182703.11 | I21: =8760*I22/$B$23 -> 192512.67 | J21: =8760*J22/$B$23 -> 202322.23 | K21: =8760*K22/$B$23 -> 212131.8 | L21: =8760*L22/$B$23 -> 221941.36 | ... O21: =8760*O22/$B$23 -> 251370.05
C22: GWmed | E22: 2.5 | F22: =$E22+(F$17-$E$17)*$P$22 -> 2.66 | G22: =$E22+(G$17-$E$17)*$P$22 -> 2.82 | H22: =$E22+(H$17-$E$17)*$P$22 -> 2.98 | I22: =$E22+(I$17-$E$17)*$P$22 -> 3.14 | J22: =$E22+(J$17-$E$17)*$P$22 -> 3.3 | K22: =$E22+(K$17-$E$17)*$P$22 -> 3.46 | L22: =$E22+(L$17-$E$17)*$P$22 -> 3.62 | M22: =$E22+(M$17-$E$17)*$P$22 -> 3.78 | N22: =$E22+(N$17-$E$17)*$P$22 -> 3.94 | O22: 4.1 | P22: =(O22-E22)/(O17-E17) -> 0.16
B23: =B24/B25/1000 -> 0.14288098 | C23: MWh/t bagaço | E23: https://www.epe.gov.br/sites-pt/publicacoes-dados-abertos/publicacoes/PublicacoesArquivos/publicacao-251/topico-311/DEA%20025-17%20-%20%20Indicadores%20de%20Eficiência%20Energética.pdf
B24: 40 | C24: kWh/t cana | E24: https://www.novacana.com/noticias/cogeracao-como-funciona-producao-energia-eletrica
B25: 0.27995328 | C25: t bagaço / t cana | E25: https://www.prp.unicamp.br/inscricao-congresso/resumos/2020P17452A35250O2884.pdf
C28: 1000 m3 | D28: 2021 | E28: =1+D28 -> 2022 | F28: =1+E28 -> 2023 | G28: =1+F28 -> 2024 | H28: =1+G28 -> 2025 | I28: =1+H28 -> 2026 | J28: =1+I28 -> 2027 | K28: =1+J28 -> 2028 | L28: =1+K28 -> 2029 | ... O28: =1+N28 -> 2032
B29: biodiesel | D29: =BEN!L39 -> 6766 | E29: =BEN!M39 -> 6766 | F29: =F30*F31 -> 7336.2525 | G29: =G30*G31 -> 8731.9225 | H29: =H30*H31 -> 9540.9469 | I29: =I30*I31 -> 10374.68 | J29: =J30*J31 -> 11233.122 | K29: =K30*K31 -> 12116.273 | L29: =L30*L31 -> 13024.132 | M29: =M30*M31 -> 13956.7 | ... O29: =O30*O31 -> 14450.875
C30: pet diesel | D30: =BEN!L31+BEN!L32+BEN!L33 -> 57880 | E30: =BEN!M31+BEN!M32+BEN!M33 -> 59900 | F30: ='PDE-O&G'!F32 -> 61135.438 | G30: ='PDE-O&G'!G32 -> 62370.875 | H30: ='PDE-O&G'!H32 -> 63606.313 | I30: ='PDE-O&G'!I32 -> 64841.75 | J30: ='PDE-O&G'!J32 -> 66077.188 | K30: ='PDE-O&G'!K32 -> 67312.625 | L30: ='PDE-O&G'!L32 -> 68548.063 | M30: ='PDE-O&G'!M32 -> 69783.5 | ... O30: ='PDE-O&G'!O32 -> 72254.375
C31: ratio | D31: =D29/D30 -> 0.11689703 | E31: =E29/E30 -> 0.11295492 | F31: 0.12 | G31: 0.14 | H31: 0.15 | I31: =$H31+(I28-$H28)*($M$31-$H$31)/($M$28-$H$28) -> 0.16 | J31: =$H31+(J28-$H28)*($M$31-$H$31)/($M$28-$H$28) -> 0.17 | K31: =$H31+(K28-$H28)*($M$31-$H$31)/($M$28-$H$28) -> 0.18 | L31: =$H31+(L28-$H28)*($M$31-$H$31)/($M$28-$H$28) -> 0.19 | M31: 0.2 | N31: =$M31 -> 0.2 | O31: =$M31 -> 0.2
E32: https://g1.globo.com/politica/noticia/2024/03/13/camara-aprova-texto-base-de-projeto-que-estabelece-mistura-de-ate-25percent-de-biodiesel-no-diesel-entenda.ghtml

Sheet BEN
A1: BRAZILIAN ENERGY BALANCE 2023 | year 2022 (BEN - BALANÇO ENERGÉTICO NACIONAL)
D3: 2013 | E3: 2014 | F3: 2015 | G3: 2016 | H3: 2017 | I3: 2018 | J3: 2019 | K3: 2020 | L3: 2021 | M3: 2022 | N3: =1+M3 -> 2023 | O3: =1+N3 -> 2024 | P3: =1+O3 -> 2025 | Q3: =1+P3 -> 2026 | R3: =1+Q3 -> 2027 | S3: =1+R3 -> 2028 | T3: =1+S3 -> 2029 | U3: =1+T3 -> 2030 | ... W3: =1+V3 -> 2032
A4: Table 2.5 Hard coal | B4: 1000 t | C4: PRODUÇÃO | D4: 0 | E4: 0 | F4: 0 | G4: 0 | H4: 0 | I4: 0 | J4: 0 | K4: 0 | L4: 0 | M4: 0 | N4: 0 | O4: 0 | P4: 0 | Q4: 0 | R4: 0 | S4: 0 | T4: 0 | U4: 0 | V4: 0 | W4: 0
A5: =29.37*1000000/1000 -> 29370 | C5: IMPORTAÇÃO | D5: 10592 | E5: 10960 | F5: 10304 | G5: 10698 | H5: 11595 | I5: 11088 | J5: 10184 | K5: 9209 | L5: 10667 | M5: 10007 | N5: =AVERAGE(D5:M5) -> 10530.4 | O5: =$N5 -> 10530.4 | P5: =$N5 -> 10530.4 | Q5: =$N5 -> 10530.4 | R5: =$N5 -> 10530.4 | S5: =$N5 -> 10530.4 | T5: =$N5 -> 10530.4 | U5: =$N5 -> 10530.4 | V5: =$N5 -> 10530.4 | W5: =$N5 -> 10530.4
A6: BTU/1000 t | C6: EXPORTAÇÃO | D6: 0 | E6: 0 | F6: 0 | G6: 0 | H6: 0 | I6: 0 | J6: 0 | K6: 0 | L6: 0 | M6: 0 | N6: 0 | O6: 0 | P6: 0 | Q6: 0 | R6: 0 | S6: 0 | T6: 0 | U6: 0 | V6: 0 | W6: 0
A8: Table 2.3 Natural Gas | B8: 10^6 m3 | C8: PRODUÇÃO | D8: =D12+D11 -> 22523 | E8: =E12+E11 -> 23911 | F8: =F12+F11 -> 24103 | G8: =G12+G11 -> 25307 | H8: =H12+H11 -> 28128 | I8: =I12+I11 -> 26454 | J8: =J12+J11 -> 26935 | K8: =K12+K11 -> 24936 | ... M8: =M12+M11 -> 24314 | N8: ='PDE-O&G'!F16 -> 26280 | O8: ='PDE-O&G'!G16 -> 27375 | P8: ='PDE-O&G'!H16 -> 27740 | Q8: ='PDE-O&G'!I16 -> 28470 | R8: ='PDE-O&G'!J16 -> 34675 | S8: ='PDE-O&G'!K16 -> 40150 | T8: ='PDE-O&G'!L16 -> 42340 | U8: ='PDE-O&G'!M16 -> 44165 | ... W8: ='PDE-O&G'!O16 -> 48910
A9: =39.4*1000000/1000000 -> 39.4 | C9: IMPORTAÇÃO | D9: 16962 | E9: 19319 | F9: 18407 | G9: 11727 | H9: 10720 | I9: 10596 | J9: 9805 | K9: 9611 | L9: 16856 | M9: 8775 | N9: ='PDE-O&G'!F18 -> 22630 | O9: ='PDE-O&G'!G18 -> 27375 | P9: ='PDE-O&G'!H18 -> 26645 | Q9: ='PDE-O&G'!I18 -> 26280 | R9: ='PDE-O&G'!J18 -> 23725 | S9: ='PDE-O&G'!K18 -> 21900 | T9: ='PDE-O&G'!L18 -> 19710 | U9: ='PDE-O&G'!M18 -> 18980 | ... W9: ='PDE-O&G'!O18 -> 17520
A10: BTU/10^6 m3 | C10: EXPORTAÇÃO | D10: 0 | E10: 0 | F10: 0 | G10: 0 | H10: 0 | I10: 0 | J10: 0 | K10: 0 | L10: 0 | M10: 0 | N10: 0 | O10: 0 | P10: 0 | Q10: 0 | R10: 0 | S10: 0 | T10: 0 | U10: 0 | V10: 0 | W10: 0
C11: PRODUÇÃO BRUTA | D11: 28174 | E11: 31894 | F11: 35128 | G11: 37887 | H11: 40103 | I11: 40858 | J11: 44724 | K11: 46639 | L11: 48819 | M11: 50338
C12: não-aproveitada e reinjeção | D12: -5651 | E12: -7983 | F12: -11025 | G12: -12580 | H12: -11975 | I12: -14404 | J12: -17789 | K12: -21703 | L12: -23440 | M12: -26024
A14: Tabel 2.10 Nuclear | B14: t | C14: PRODUÇÃO | D14: 234.2 | E14: 67.2 | F14: 50.5 | G14: 0 | H14: 0 | I14: 0 | J14: 0 | K14: 20.3 | L14: 33.8 | M14: 50.9 | N14: =M14 -> 50.9 | O14: =$N14 -> 50.9 | P14: =$N14 -> 50.9 | Q14: =$N14 -> 50.9 | R14: =$N14 -> 50.9 | S14: =$N14 -> 50.9 | T14: =$N14 -> 50.9 | U14: =$N14 -> 50.9 | V14: =$N14 -> 50.9 | W14: =$N14 -> 50.9
A15: =137985.406215726 -> 137985.41 | B15: manter 2022 | C15: IMPORTAÇÃO | D15: 59.3 | E15: 284.4 | F15: 213 | G15: 411.6 | H15: 513.5 | I15: 504.6 | J15: 303.1 | K15: 463.4 | L15: 465.8 | M15: 311.6 | N15: =M15 -> 311.6 | O15: =$N15 -> 311.6 | P15: =$N15 -> 311.6 | Q15: =$N15 -> 311.6 | R15: =$N15 -> 311.6 | S15: =$N15 -> 311.6 | T15: =$N15 -> 311.6 | U15: =$N15 -> 311.6 | V15: =$N15 -> 311.6 | W15: =$N15 -> 311.6
A16: BTU/t | C16: EXPORTAÇÃO | D16: 0 | E16: 0 | F16: 0 | G16: 0 | H16: 0 | I16: 0 | J16: 0 | K16: 0 | L16: 0 | M16: 0 | N16: 0 | O16: 0 | P16: 0 | Q16: 0 | R16: 0 | S16: 0 | T16: 0 | U16: 0 | V16: 0 | W16: 0
C17: GWh | D17: 15450 | E17: 15378 | F17: 14734 | G17: 15864 | H17: 15739 | I17: 15674 | J17: 16129 | K17: 14053 | L17: 14705 | M17: 14559
A19: biomass total | B19: 1000 t | C19: PRODUÇÃO | D19: =SUM(D22:D24) -> 249890 | E19: =SUM(E22:E24) -> 249326 | F19: =SUM(F22:F24) -> 250149 | G19: =SUM(G22:G24) -> 251168 | H19: =SUM(H22:H24) -> 252605 | I19: =SUM(I22:I24) -> 249228 | J19: =SUM(J22:J24) -> 254208 | K19: =SUM(K22:K24) -> 273754 | ... W19: =SUM(W22:W24) -> 257566.92
A20: =8.45*1000000/1000 -> 8450 | C20: IMPORTAÇÃO | D20: 0 | E20: 0 | F20: 0 | G20: 0 | H20: 0 | I20: 0 | J20: 0 | K20: 0 | L20: 0 | M20: 0 | N20: 0 | O20: 0 | P20: 0 | Q20: 0 | R20: 0 | S20: 0 | T20: 0 | U20: 0 | V20: 0 | W20: 0
A21: BTU/1000 t | C21: EXPORTAÇÃO | D21: 0 | E21: 0 | F21: 0 | G21: 0 | H21: 0 | I21: 0 | J21: 0 | K21: 0 | L21: 0 | M21: 0 | N21: 0 | O21: 0 | P21: 0 | Q21: 0 | R21: 0 | S21: 0 | T21: 0 | U21: 0 | V21: 0 | W21: 0
A22: firewood | C22: PRODUÇÃO | D22: 79960 | E22: 81364 | F22: 80887 | G22: 75813 | H22: 80205 | I22: 84676 | J22: 85197 | K22: 85344 | L22: 88409 | M22: 88011
A23: bagasse | C23: PRODUÇÃO | D23: 163142 | E23: 161174 | F23: 162474 | G23: 168567 | H23: 165612 | I23: 157764 | J23: 162223 | K23: 181622 | L23: 159922 | M23: 157053 | N23: ='PDE Bio'!F19 -> 167104.39 | O23: ='PDE Bio'!G19 -> 177155.78 | P23: ='PDE Bio'!H19 -> 187207.18 | Q23: ='PDE Bio'!I19 -> 197258.57 | R23: ='PDE Bio'!J19 -> 207309.96 | S23: ='PDE Bio'!K19 -> 217361.35 | T23: ='PDE Bio'!L19 -> 227412.74 | U23: ='PDE Bio'!M19 -> 237464.14 | ... W23: ='PDE Bio'!O19 -> 257566.92
A24: charcoal | C24: PRODUÇÃO | D24: 6788 | E24: 6788 | F24: 6788 | G24: 6788 | H24: 6788 | I24: 6788 | J24: 6788 | K24: 6788 | L24: 6788 | M24: 6788
A25: Table 2.11 Firewood + Table 2.14 Bagasse + Table 2.31 Charcoal | C25: =AVERAGE(D23/D19,E23/E19,F23/F19,G23/G19,H23/H19,I23/I19,J23/J19,K23/K19,L23/L19,M23/M19) -> 0.64606079 | D25: bagasse/biomass total
A27: Table 2.23 Pet Gasoline | B27: 1000 m3 | C27: PRODUÇÃO | D27: 28514 | E27: 30972 | F27: 27946 | G27: 28187 | H27: 28338 | I27: 26011 | J27: 25395 | K27: 23547 | L27: 28100 | M27: 28674 | N27: ='PDE-O&G'!F24 -> 27860.028 | O27: ='PDE-O&G'!G24 -> 27046.057 | P27: ='PDE-O&G'!H24 -> 26232.085 | Q27: ='PDE-O&G'!I24 -> 26540.408 | R27: ='PDE-O&G'!J24 -> 26848.73 | S27: ='PDE-O&G'!K24 -> 27157.053 | T27: ='PDE-O&G'!L24 -> 27009.058 | U27: ='PDE-O&G'!M24 -> 26861.063 | ... W27: ='PDE-O&G'!O24 -> 26565.074
A28: =30.556*1000000/1000 -> 30556 | C28: IMPORTAÇÃO | D28: 2265 | E28: 2111 | F28: 2935 | G28: 3810 | H28: 4489 | I28: 3238 | J28: 4888 | K28: 4942 | L28: 2755 | M28: 4146 | N28: ='PDE-O&G'!F28 -> 2078.553 | O28: ='PDE-O&G'!G28 -> 1014.6727 | P28: ='PDE-O&G'!H28 -> 0 | Q28: ='PDE-O&G'!I28 -> 0 | R28: ='PDE-O&G'!J28 -> 0 | S28: ='PDE-O&G'!K28 -> 0 | T28: ='PDE-O&G'!L28 -> 0 | U28: ='PDE-O&G'!M28 -> 0 | ... W28: ='PDE-O&G'!O28 -> 2399.0172
A29: BTU/1000 m3 | C29: EXPORTAÇÃO | D29: 347 | E29: 365 | F29: 616 | G29: 728 | H29: 478 | I29: 1394 | J29: 2014 | K29: 2369 | L29: 1795 | M29: 546 | N29: 0 | O29: 0 | P29: 0 | Q29: 0 | R29: 0 | S29: 0 | T29: 0 | U29: 0 | V29: 0 | W29: 0
A31: Table 2.20 Pet Diesel | B31: 1000 m3 | C31: PRODUÇÃO | D31: 49201 | E31: 49350 | F31: 49154 | G31: 44805 | H31: 39993 | I31: 41278 | J31: 40679 | K31: 41549 | L31: 42853 | M31: 44870 | N31: ='PDE-O&G'!F35 -> 45369.5 | O31: ='PDE-O&G'!G35 -> 45114 | P31: ='PDE-O&G'!H35 -> 44858.5 | Q31: ='PDE-O&G'!I35 -> 46367.167 | R31: ='PDE-O&G'!J35 -> 47875.833 | S31: ='PDE-O&G'!K35 -> 49384.5 | T31: ='PDE-O&G'!L35 -> 49886.375 | U31: ='PDE-O&G'!M35 -> 50388.25 | ... W31: ='PDE-O&G'!O35 -> 51392
A32: =33651100/1000 -> 33651.1 | C32: IMPORTAÇÃO | D32: 10024 | E32: 11275 | F32: 6940 | G32: 8469 | H32: 12955 | I32: 11650 | J32: 13008 | K32: 11995 | L32: 14437 | M32: 14385 | N32: ='PDE-O&G'!F38 -> 14685.963 | O32: ='PDE-O&G'!G38 -> 16074.771 | P32: ='PDE-O&G'!H38 -> 17463.579 | Q32: ='PDE-O&G'!I38 -> 17209.066 | R32: ='PDE-O&G'!J38 -> 16954.553 | S32: ='PDE-O&G'!K38 -> 16700.04 | T32: ='PDE-O&G'!L38 -> 17383.353 | U32: ='PDE-O&G'!M38 -> 18066.666 | ... W32: ='PDE-O&G'!O38 -> 19433.293
A33: BTU/1000 m3 | C33: EXPORTAÇÃO | D33: 1030 | E33: 936 | F33: 768 | G33: 832 | H33: 687 | I33: 1429 | J33: 600 | K33: 950 | L33: 590 | M33: 645 | N33: 0 | O33: 0 | P33: 0 | Q33: 0 | R33: 0 | S33: 0 | T33: 0 | U33: 0 | V33: 0 | W33: 0
A35: Table 3.32 Biofuel Gasoline (Ethanol) | B35: 1000 m3 | C35: PRODUÇÃO | D35: 27608 | E35: 28526 | F35: 30249 | G35: 28276 | H35: 27694 | I35: 33198 | J35: 35156 | K35: 32599 | L35: 29898 | M35: 32485 | N35: ='PDE Bio'!F6 -> 33074.141 | O35: ='PDE Bio'!G6 -> 34954.928 | P35: ='PDE Bio'!H6 -> 35771.333 | Q35: ='PDE Bio'!I6 -> 37112.683 | R35: ='PDE Bio'!J6 -> 39146.632 | S35: ='PDE Bio'!K6 -> 40227.565 | T35: ='PDE Bio'!L6 -> 42105.155 | U35: ='PDE Bio'!M6 -> 43468.681 | ... W35: ='PDE Bio'!O6 -> 47147
A36: =21552100/1000 -> 21552.1 | C36: IMPORTAÇÃO | D36: 132 | E36: 984 | F36: 828 | G36: 835 | H36: 1826 | I36: 1775 | J36: 1437 | K36: 958 | L36: 432 | M36: 99 | N36: ='PDE Bio'!F7 -> 0 | O36: ='PDE Bio'!G7 -> 0 | P36: ='PDE Bio'!H7 -> 0 | Q36: ='PDE Bio'!I7 -> 0 | R36: ='PDE Bio'!J7 -> 0 | S36: ='PDE Bio'!K7 -> 0 | T36: ='PDE Bio'!L7 -> 0 | U36: ='PDE Bio'!M7 -> 0 | ... W36: ='PDE Bio'!O7 -> 0
A37: BTU/1000 m3 | C37: EXPORTAÇÃO | D37: 2940 | E37: 1469 | F37: 2121 | G37: 1789 | H37: 1380 | I37: 1682 | J37: 1933 | K37: 2026 | L37: 1868 | M37: 2358 | N37: -33816.885 | O37: -35203.377 | P37: -36646.716 | Q37: -38149.231 | R37: -39713.35 | S37: -41341.597 | T37: -43036.602 | U37: -44801.103 | V37: -46637.948 | W37: -48550.104
A39: Table 2.21 Biodiesel | B39: 1000 m3 | C39: PRODUÇÃO | D39: 2917 | E39: 3420 | F39: 3937 | G39: 3801 | H39: 4291 | I39: 5350 | J39: 5924 | K39: 6432 | L39: 6766 | M39: 6766 | N39: ='PDE Bio'!F29 -> 7336.2525 | O39: ='PDE Bio'!G29 -> 8731.9225 | P39: ='PDE Bio'!H29 -> 9540.9469 | Q39: ='PDE Bio'!I29 -> 10374.68 | R39: ='PDE Bio'!J29 -> 11233.122 | S39: ='PDE Bio'!K29 -> 12116.273 | T39: ='PDE Bio'!L29 -> 13024.132 | U39: ='PDE Bio'!M29 -> 13956.7 | ... W39: ='PDE Bio'!O29 -> 14450.875
A40: =29252892.5581395/1000 -> 29252.893 | C40: IMPORTAÇÃO | D40: 0 | E40: 0 | F40: 0 | G40: 0 | H40: 0 | I40: 0 | J40: 0 | K40: 0 | L40: 0 | M40: 0 | N40: 0 | O40: 0 | P40: 0 | Q40: 0 | R40: 0 | S40: 0 | T40: 0 | U40: 0 | V40: 0 | W40: 0
A41: BTU/1000 m3 | C41: EXPORTAÇÃO | D41: 0 | E41: 0 | F41: 0 | G41: 0 | H41: 0 | I41: 0 | J41: 0 | K41: 0 | L41: 0 | M41: 0 | N41: 0 | O41: 0 | P41: 0 | Q41: 0 | R41: 0 | S41: 0 | T41: 0 | U41: 0 | V41: 0 | W41: 0
A43: Table 5.1 Refineries | B43: 1000 toe | C43: PRODUÇÃO | D43: =4566+71 -> 4637 | E43: =4997+72 -> 5069 | F43: =4650+55 -> 4705 | G43: =4759+41 -> 4800 | H43: =5071+46 -> 5117 | I43: =5241+35 -> 5276 | J43: =4987+0 -> 4987 | K43: =2740+2 -> 2742 | L43: =3349+43 -> 3392 | M43: =3990+42 -> 4032 | N43: ='PDE-O&G'!F44 -> 4315.9437 | O43: ='PDE-O&G'!G44 -> 4599.8873 | P43: ='PDE-O&G'!H44 -> 4883.831 | Q43: ='PDE-O&G'!I44 -> 5262.4225 | R43: ='PDE-O&G'!J44 -> 5451.7183 | S43: ='PDE-O&G'!K44 -> 5451.7183 | T43: ='PDE-O&G'!L44 -> 5494.3099 | U43: ='PDE-O&G'!M44 -> 5536.9014 | ... W43: ='PDE-O&G'!O44 -> 5622.0845
A44: Jet Fuel - calulated Imports | B44: =32.619/'PDE-O&G'!P42*1000000/1000 -> 39682.482 | C44: IMPORTAÇÃO | D44: =D46+D45-D43 -> 1424 | E44: =E46+E45-E43 -> 1159 | F44: =F46+F45-F43 -> 1398 | G44: =G46+G45-G43 -> 833 | H44: =H46+H45-H43 -> 557 | I44: =I46+I45-I43 -> 947 | J44: =J46+J45-J43 -> 790 | K44: =K46+K45-K43 -> 317 | ... M44: =M46+M45-M43 -> 841 | N44: ='PDE-O&G'!F47 -> 152.62472 | O44: ='PDE-O&G'!G47 -> 305.24945 | P44: ='PDE-O&G'!H47 -> 457.87417 | Q44: ='PDE-O&G'!I47 -> 863.29347 | R44: ='PDE-O&G'!J47 -> 763.12362 | S44: ='PDE-O&G'!K47 -> 157.36462 | T44: ='PDE-O&G'!L47 -> 125.29014 | U44: ='PDE-O&G'!M47 -> 309.49859 | ... W44: ='PDE-O&G'!O47 -> 677.91549
A45: Table 4.4 Exports | B45: MBTU/1000 toe | C45: EXPORTAÇÃO | D45: =2383+11 -> 2394 | E45: =2506+13 -> 2519 | F45: =2440+5 -> 2445 | G45: =2281+5 -> 2286 | H45: =2334+5 -> 2339 | I45: =2796+3 -> 2799 | J45: =2429+0 -> 2429 | K45: =1135+0 -> 1135 | L45: =1089+0 -> 1089 | M45: =1772+0 -> 1772 | N45: ='PDE-O&G'!F48 -> 95.481062 | O45: ='PDE-O&G'!G48 -> 190.96212 | P45: ='PDE-O&G'!H48 -> 286.44319 | Q45: ='PDE-O&G'!I48 -> 540.07093 | R45: ='PDE-O&G'!J48 -> 477.40531 | S45: ='PDE-O&G'!K48 -> 98.446312 | T45: ='PDE-O&G'!L48 -> 0 | U45: ='PDE-O&G'!M48 -> 0 | ... W45: ='PDE-O&G'!O48 -> 0
A46: Table 3.6.3.a Consumption | C46: CONSUMO | D46: 3667 | E46: 3709 | F46: 3658 | G46: 3347 | H46: 3335 | I46: 3424 | J46: 3348 | K46: 1924 | L46: 2552 | M46: 3101 | N46: ='PDE-O&G'!F42 -> 5070.507 | O46: ='PDE-O&G'!G42 -> 5340.534 | P46: ='PDE-O&G'!H42 -> 5610.561 | Q46: ='PDE-O&G'!I42 -> 5880.588 | R46: ='PDE-O&G'!J42 -> 6150.615 | S46: ='PDE-O&G'!K42 -> 6420.642 | T46: ='PDE-O&G'!L42 -> 6690.669 | U46: ='PDE-O&G'!M42 -> 6960.696 | ... W46: ='PDE-O&G'!O42 -> 7500.75
A49: Table 2.4 Lignite | B49: 1000 t | C49: PRODUÇÃO | D49: 8594 | E49: 7936 | F49: 6354 | G49: 7006 | H49: 4819 | I49: 4838 | J49: 5410 | K49: 5481 | L49: 6665 | M49: 6122 | N49: =AVERAGE(H49:M49) -> 5555.8333 | O49: =$N49 -> 5555.8333 | P49: =$N49 -> 5555.8333 | Q49: =$N49 -> 5555.8333 | R49: =$N49 -> 5555.8333 | S49: =$N49 -> 5555.8333 | T49: =$N49 -> 5555.8333 | U49: =$N49 -> 5555.8333 | V49: =$N49 -> 5555.8333 | W49: =$N49 -> 5555.8333
A50: =23.86*1000000/1000 -> 23860 | C50: IMPORTAÇÃO | D50: 7449 | E50: 9391 | F50: 9968 | G50: 8805 | H50: 9611 | I50: 9898 | J50: 8675 | K50: 6857 | L50: 9445 | M50: 5735 | N50: =AVERAGE(H50:M50) -> 8370.1667 | O50: =$N50 -> 8370.1667 | P50: =$N50 -> 8370.1667 | Q50: =$N50 -> 8370.1667 | R50: =$N50 -> 8370.1667 | S50: =$N50 -> 8370.1667 | T50: =$N50 -> 8370.1667 | U50: =$N50 -> 8370.1667 | V50: =$N50 -> 8370.1667 | W50: =$N50 -> 8370.1667
A51: BTU/1000 t | B51: manter média (2017-22) | C51: EXPORTAÇÃO | D51: 0 | E51: 0 | F51: 0 | G51: 0 | H51: 0 | I51: 0 | J51: 0 | K51: 0 | L51: 0 | M51: 0 | N51: 0 | O51: 0 | P51: 0 | Q51: 0 | R51: 0 | S51: 0 | T51: 0 | U51: 0 | V51: 0 | W51: 0
A53: Table 2.2 Crude Oil | B53: 1000 m3 | C53: PRODUÇÃO1 | D53: 117711 | E53: 131129 | F53: 141716 | G53: 146322 | H53: 152533 | I53: 150468 | J53: 161956 | K53: 171307 | L53: 168784 | M53: 175531 | N53: ='PDE-O&G'!F6 -> 193084.1 | O53: ='PDE-O&G'!G6 -> 222339.27 | P53: ='PDE-O&G'!H6 -> 239892.37 | Q53: ='PDE-O&G'!I6 -> 263296.5 | R53: ='PDE-O&G'!J6 -> 274998.57 | S53: ='PDE-O&G'!K6 -> 298402.7 | T53: ='PDE-O&G'!L6 -> 315955.8 | U53: ='PDE-O&G'!M6 -> 310104.77 | ... W53: ='PDE-O&G'!O6 -> 286700.63
A54: =35.318*1000000/1000 -> 35318 | C54: IMPORTAÇÃO2 | D54: 22891 | E54: 20317 | F54: 17277 | G54: 8988 | H54: 8407 | I54: 10805 | J54: 9972 | K54: 9747 | L54: 8134 | M54: 14280 | N54: ='PDE-O&G'!F10 -> 13016.283 | O54: ='PDE-O&G'!G10 -> 11752.566 | P54: ='PDE-O&G'!H10 -> 10488.85 | Q54: ='PDE-O&G'!I10 -> 10320.354 | R54: ='PDE-O&G'!J10 -> 10151.858 | S54: ='PDE-O&G'!K10 -> 9983.3628 | T54: ='PDE-O&G'!L10 -> 10109.735 | U54: ='PDE-O&G'!M10 -> 10236.106 | ... W54: ='PDE-O&G'!O10 -> 10488.85
A55: BTU/1000 m3 | C55: EXPORTAÇÃO | D55: 23046 | E55: 30112 | F55: 42753 | G55: 49172 | H55: 60473 | I55: 62544 | J55: 71277 | K55: 79557 | L55: 72640 | M55: 78092 | N55: 0.41 | O55: 0.46333333 | P55: 0.51666667 | Q55: 0.57 | R55: 0.58666667 | S55: 0.60333333 | T55: 0.62 | U55: 0.6175 | V55: 0.615 | W55: 0.6125
A57: Table 2.22 Heavy Fuel Oil | B57: 1000 m3 | C57: PRODUÇÃO | D57: 15385 | E57: 16226 | F57: 14826 | G57: 11989 | H57: 12240 | I57: 11154 | J57: 12236 | K57: 17517 | L57: 17219 | M57: 18444 | N57: ='PDE-O&G'!E52 -> 18213.5 | O57: ='PDE-O&G'!F52 -> 18408.167 | P57: ='PDE-O&G'!G52 -> 18602.833 | Q57: ='PDE-O&G'!H52 -> 18797.5 | R57: ='PDE-O&G'!I52 -> 18481.167 | S57: ='PDE-O&G'!J52 -> 18164.833 | T57: ='PDE-O&G'!K52 -> 17848.5 | U57: ='PDE-O&G'!L52 -> 17282.75 | ... W57: ='PDE-O&G'!N52 -> 16151.25
A58: =37.977*1000000/1000 -> 37977 | C58: IMPORTAÇÃO | D58: 96 | E58: 399 | F58: 355 | G58: 65 | H58: 75 | I58: 319 | J58: 56 | K58: 39 | L58: 622 | M58: 211 | N58: 0 | O58: 0 | P58: 0 | Q58: 0 | R58: 0 | S58: 0 | T58: 0 | U58: 0 | V58: 0 | W58: 0
A59: BTU/1000 m3 | C59: EXPORTAÇÃO | D59: 8864 | E59: 8474 | F59: 8069 | G59: 7000 | H59: 7297 | I59: 8106 | J59: 9233 | K59: 14508 | L59: 12787 | M59: 15248 | N59: -19.7 | O59: -20.4 | P59: -21.1 | Q59: -21.8 | R59: -22.5 | S59: -23.2 | T59: -23.9 | U59: -24.6 | V59: -25.3 | W59: -26
A61: Table 2.24 LPG | B61: 1000 m3 | C61: PRODUÇÃO | D61: 10351 | E61: 10085 | F61: 10420 | G61: 10211 | H61: 10371 | I61: 10092 | J61: 9749 | K61: 9913 | L61: 9610 | M61: 10025 | N61: ='PDE-O&G'!F57 -> 11096 | O61: ='PDE-O&G'!G57 -> 12081.5 | P61: ='PDE-O&G'!H57 -> 13067 | Q61: ='PDE-O&G'!I57 -> 13298.167 | R61: ='PDE-O&G'!J57 -> 13529.333 | S61: ='PDE-O&G'!K57 -> 13760.5 | T61: ='PDE-O&G'!L57 -> 14235 | U61: ='PDE-O&G'!M57 -> 14709.5 | ... W61: ='PDE-O&G'!O57 -> 15658.5
A62: =25.58*1000000/1000 -> 25580 | C62: IMPORTAÇÃO | D62: 3372 | E62: 3726 | F62: 3191 | G62: 3455 | H62: 3293 | I62: 3487 | J62: 3555 | K62: 3657 | L62: 4017 | M62: 3509 | N62: ='PDE-O&G'!F59 -> 4292.7058 | O62: ='PDE-O&G'!G59 -> 3717.7899 | P62: ='PDE-O&G'!H59 -> 3130.098 | Q62: ='PDE-O&G'!I59 -> 2529.6302 | R62: ='PDE-O&G'!J59 -> 1916.3865 | S62: ='PDE-O&G'!K59 -> 1290.3669 | T62: ='PDE-O&G'!L59 -> 651.57142 | U62: ='PDE-O&G'!M59 -> 0 | ... W62: ='PDE-O&G'!O59 -> 0
A63: BTU/1000 m3 | C63: EXPORTAÇÃO | D63: 90 | E63: 18 | F63: 27 | G63: 0 | H63: 2 | I63: 1 | J63: 1 | K63: 0 | L63: 0 | M63: 0 | N63: 0 | O63: 0 | P63: 0 | Q63: 0 | R63: 0 | S63: 0 | T63: 0 | U63: 0 | V63: 0 | W63: 0
A65: MSW | D65: 0 | E65: 0 | F65: 0 | G65: 0 | H65: 0 | I65: 0 | J65: 0 | K65: 0 | L65: 0 | M65: 0 | N65: 0 | O65: 0 | P65: 0 | Q65: 0 | R65: 0 | S65: 0 | T65: 0 | U65: 0 | V65: 0 | W65: 0
A66: HYDROGEN | D66: 0 | E66: 0 | F66: 0 | G66: 0 | H66: 0 | I66: 0 | J66: 0 | K66: 0 | L66: 0 | M66: 0 | N66: 0 | O66: 0 | P66: 0 | Q66: 0 | R66: 0 | S66: 0 | T66: 0 | U66: 0 | V66: 0 | W66: 0

Sheet BFPIaE-production-f
A1: Fuel (BTU) | B1: 2019 | C1: 2020 | D1: 2021 | E1: 2022 | F1: 2023 | G1: 2024 | H1: 2025 | I1: 2026 | J1: 2027 | K1: 2028 | L1: 2029 | M1: 2030 | N1: 2031 | O1: 2032 | P1: 2033 | Q1: 2034 | R1: 2035 | S1: 2036 | T1: 2037 | U1: 2038 | V1: 2039 | W1: 2040 | X1: 2041 | Y1: 2042 | Z1: 2043 | AA1: 2044 | AB1: 2045 | AC1: 2046 | AD1: 2047 | AE1: 2048 | AF1: 2049 | AG1: 2050
A2: electricity (not used in this variable) | B2: 0 | C2: 0 | D2: 0 | E2: 0 | F2: 0 | G2: 0 | H2: 0 | I2: 0 | J2: 0 | K2: 0 | L2: 0 | M2: 0 | N2: 0 | O2: 0 | P2: =AVERAGE(B2:O2) -> 0 | Q2: =AVERAGE(C2:P2) -> 0 | R2: =AVERAGE(D2:Q2) -> 0 | S2: =AVERAGE(E2:R2) -> 0 | T2: =AVERAGE(F2:S2) -> 0 | U2: =AVERAGE(G2:T2) -> 0 | V2: =AVERAGE(H2:U2) -> 0 | W2: =AVERAGE(I2:V2) -> 0 | ... AG2: =AVERAGE(S2:AF2) -> 0
A3: hard coal | B3: =BEN!$A$5*BEN!J4 -> 0 | C3: =BEN!$A$5*BEN!K4 -> 0 | D3: =BEN!$A$5*BEN!L4 -> 0 | E3: =BEN!$A$5*BEN!M4 -> 0 | F3: =BEN!$A$5*BEN!N4 -> 0 | G3: =BEN!$A$5*BEN!O4 -> 0 | H3: =BEN!$A$5*BEN!P4 -> 0 | I3: =BEN!$A$5*BEN!Q4 -> 0 | ... O3: =BEN!$A$5*BEN!W4 -> 0 | P3: =AVERAGE(B3:O3) -> 0 | Q3: =AVERAGE(C3:P3) -> 0 | R3: =AVERAGE(D3:Q3) -> 0 | S3: =AVERAGE(E3:R3) -> 0 | T3: =AVERAGE(F3:S3) -> 0 | U3: =AVERAGE(G3:T3) -> 0 | V3: =AVERAGE(H3:U3) -> 0 | W3: =AVERAGE(I3:V3) -> 0 | ... AG3: =AVERAGE(S3:AF3) -> 0
A4: natural gas | B4: =BEN!$A$9*BEN!J8 -> 1061239 | C4: =BEN!$A$9*BEN!K8 -> 982478.4 | D4: =BEN!$A$9*BEN!L8 -> 999932.6 | E4: =BEN!$A$9*BEN!M8 -> 957971.6 | F4: =BEN!$A$9*BEN!N8 -> 1035432 | G4: =BEN!$A$9*BEN!O8 -> 1078575 | H4: =BEN!$A$9*BEN!P8 -> 1092956 | I4: =BEN!$A$9*BEN!Q8 -> 1121718 | ... O4: =BEN!$A$9*BEN!W8 -> 1927054 | P4: =AVERAGE(B4:O4) -> 1319207.7 | Q4: =AVERAGE(C4:P4) -> 1337634 | R4: =AVERAGE(D4:Q4) -> 1363002.3 | S4: =AVERAGE(E4:R4) -> 1388935.8 | T4: =AVERAGE(F4:S4) -> 1419719 | U4: =AVERAGE(G4:T4) -> 1447168.1 | V4: =AVERAGE(H4:U4) -> 1473496.1 | W4: =AVERAGE(I4:V4) -> 1500677.6 | ... AG4: =AVERAGE(S4:AF4) -> 1482439
A5: nuclear | B5: =BEN!$A$15*BEN!J14 -> 0 | C5: =BEN!$A$15*BEN!K14 -> 2801103.7 | D5: =BEN!$A$15*BEN!L14 -> 4663906.7 | E5: =BEN!$A$15*BEN!M14 -> 7023457.2 | F5: =BEN!$A$15*BEN!N14 -> 7023457.2 | G5: =BEN!$A$15*BEN!O14 -> 7023457.2 | H5: =BEN!$A$15*BEN!P14 -> 7023457.2 | I5: =BEN!$A$15*BEN!Q14 -> 7023457.2 | ... O5: =BEN!$A$15*BEN!W14 -> 7023457.2 | P5: =AVERAGE(B5:O5) -> 6051645.7 | Q5: =AVERAGE(C5:P5) -> 6483906.1 | R5: =AVERAGE(D5:Q5) -> 6746963.4 | S5: =AVERAGE(E5:R5) -> 6895753.1 | T5: =AVERAGE(F5:S5) -> 6886631.4 | U5: =AVERAGE(G5:T5) -> 6876858.2 | V5: =AVERAGE(H5:U5) -> 6866386.8 | W5: =AVERAGE(I5:V5) -> 6855167.5 | ... AG5: =AVERAGE(S5:AF5) -> 6828686.8
A6: hydro (is not a fuel) | B6: 0 | C6: 0 | D6: 0 | E6: 0 | F6: 0 | G6: 0 | H6: 0 | I6: 0 | J6: 0 | K6: 0 | L6: 0 | M6: 0 | N6: 0 | O6: 0 | P6: =AVERAGE(B6:O6) -> 0 | Q6: =AVERAGE(C6:P6) -> 0 | R6: =AVERAGE(D6:Q6) -> 0 | S6: =AVERAGE(E6:R6) -> 0 | T6: =AVERAGE(F6:S6) -> 0 | U6: =AVERAGE(G6:T6) -> 0 | V6: =AVERAGE(H6:U6) -> 0 | W6: =AVERAGE(I6:V6) -> 0 | ... AG6: =AVERAGE(S6:AF6) -> 0
A7: wind (is not a fuel) | B7: 0 | C7: 0 | D7: 0 | E7: 0 | F7: 0 | G7: 0 | H7: 0 | I7: 0 | J7: 0 | K7: 0 | L7: 0 | M7: 0 | N7: 0 | O7: 0 | P7: =AVERAGE(B7:O7) -> 0 | Q7: =AVERAGE(C7:P7) -> 0 | R7: =AVERAGE(D7:Q7) -> 0 | S7: =AVERAGE(E7:R7) -> 0 | T7: =AVERAGE(F7:S7) -> 0 | U7: =AVERAGE(G7:T7) -> 0 | V7: =AVERAGE(H7:U7) -> 0 | W7: =AVERAGE(I7:V7) -> 0 | ... AG7: =AVERAGE(S7:AF7) -> 0
A8: solar (is not a fuel) | B8: 0 | C8: 0 | D8: 0 | E8: 0 | F8: 0 | G8: 0 | H8: 0 | I8: 0 | J8: 0 | K8: 0 | L8: 0 | M8: 0 | N8: 0 | O8: 0 | P8: =AVERAGE(B8:O8) -> 0 | Q8: =AVERAGE(C8:P8) -> 0 | R8: =AVERAGE(D8:Q8) -> 0 | S8: =AVERAGE(E8:R8) -> 0 | T8: =AVERAGE(F8:S8) -> 0 | U8: =AVERAGE(G8:T8) -> 0 | V8: =AVERAGE(H8:U8) -> 0 | W8: =AVERAGE(I8:V8) -> 0 | ... AG8: =AVERAGE(S8:AF8) -> 0
A9: biomass | B9: =BEN!$A$20*BEN!J19 -> 2148057600 | C9: =BEN!$A$20*BEN!K19 -> 2313221300 | D9: =BEN!$A$20*BEN!L19 -> 2155755550 | E9: =BEN!$A$20*BEN!M19 -> 2128149400 | F9: =BEN!$A$20*BEN!N19 -> 1.4120321e+09 | G9: =BEN!$A$20*BEN!O19 -> 1.4969664e+09 | H9: =BEN!$A$20*BEN!P19 -> 1.5819006e+09 | I9: =BEN!$A$20*BEN!Q19 -> 1.6668349e+09 | ... O9: =BEN!$A$20*BEN!W19 -> 2176440474 | P9: =AVERAGE(B9:O9) -> 1.9062533e+09 | Q9: =AVERAGE(C9:P9) -> 1.8889816e+09 | R9: =AVERAGE(D9:Q9) -> 1.8586788e+09 | S9: =AVERAGE(E9:R9) -> 1.837459e+09 | T9: =AVERAGE(F9:S9) -> 1.8166954e+09 | U9: =AVERAGE(G9:T9) -> 1.8455999e+09 | V9: =AVERAGE(H9:U9) -> 1.8705023e+09 | W9: =AVERAGE(I9:V9) -> 1.8911167e+09 | ... AG9: =AVERAGE(S9:AF9) -> 1.8868778e+09
A10: petroleum gasoline | B10: =BEN!$A$28*BEN!J27 -> 775969620 | C10: =BEN!$A$28*BEN!K27 -> 719502132 | D10: =BEN!$A$28*BEN!L27 -> 858623600 | E10: =BEN!$A$28*BEN!M27 -> 876162744 | F10: =BEN!$A$28*BEN!N27 -> 8.5129103e+08 | G10: =BEN!$A$28*BEN!O27 -> 8.2641931e+08 | H10: =BEN!$A$28*BEN!P27 -> 8.0154759e+08 | I10: =BEN!$A$28*BEN!Q27 -> 8.109687e+08 | ... O10: =BEN!$A$28*BEN!W27 -> 8.1172239e+08 | P10: =AVERAGE(B10:O10) -> 8.1747913e+08 | Q10: =AVERAGE(C10:P10) -> 8.2044409e+08 | R10: =AVERAGE(D10:Q10) -> 8.2765423e+08 | S10: =AVERAGE(E10:R10) -> 8.2544213e+08 | T10: =AVERAGE(F10:S10) -> 8.2181923e+08 | U10: =AVERAGE(G10:T10) -> 8.197141e+08 | V10: =AVERAGE(H10:U10) -> 8.1923516e+08 | W10: =AVERAGE(I10:V10) -> 8.2049856e+08 | ... AG10: =AVERAGE(S10:AF10) -> 8.2106791e+08
A11: petroleum diesel | B11: =BEN!$A$32*BEN!J31 -> 1.3688931e+09 | C11: =BEN!$A$32*BEN!K31 -> 1.3981696e+09 | D11: =BEN!$A$32*BEN!L31 -> 1.4420506e+09 | E11: =BEN!$A$32*BEN!M31 -> 1509924857 | F11: =BEN!$A$32*BEN!N31 -> 1.5267336e+09 | G11: =BEN!$A$32*BEN!O31 -> 1.5181357e+09 | H11: =BEN!$A$32*BEN!P31 -> 1.5095379e+09 | I11: =BEN!$A$32*BEN!Q31 -> 1.5603062e+09 | ... O11: =BEN!$A$32*BEN!W31 -> 1.7293973e+09 | P11: =AVERAGE(B11:O11) -> 1.5659233e+09 | Q11: =AVERAGE(C11:P11) -> 1.5799969e+09 | R11: =AVERAGE(D11:Q11) -> 1.5929845e+09 | S11: =AVERAGE(E11:R11) -> 1.6037655e+09 | T11: =AVERAGE(F11:S11) -> 1.6104684e+09 | U11: =AVERAGE(G11:T11) -> 1.6164495e+09 | V11: =AVERAGE(H11:U11) -> 1.6234719e+09 | W11: =AVERAGE(I11:V11) -> 1.6316101e+09 | ... AG11: =AVERAGE(S11:AF11) -> 1.6244756e+09
A12: biofuel gasoline | B12: =BEN!$A$36*BEN!J35 -> 7.5768563e+08 | C12: =BEN!$A$36*BEN!K35 -> 7.0257691e+08 | D12: =BEN!$A$36*BEN!L35 -> 6.4436469e+08 | E12: =BEN!$A$36*BEN!M35 -> 7.0011997e+08 | F12: =BEN!$A$36*BEN!N35 -> 7.1281719e+08 | G12: =BEN!$A$36*BEN!O35 -> 7.533521e+08 | H12: =BEN!$A$36*BEN!P35 -> 7.7094734e+08 | I12: =BEN!$A$36*BEN!Q35 -> 7.9985624e+08 | ... O12: =BEN!$A$36*BEN!W35 -> 1.0161169e+09 | P12: =AVERAGE(B12:O12) -> 8.1422125e+08 | Q12: =AVERAGE(C12:P12) -> 8.1825951e+08 | R12: =AVERAGE(D12:Q12) -> 8.2652256e+08 | S12: =AVERAGE(E12:R12) -> 8.3953383e+08 | T12: =AVERAGE(F12:S12) -> 8.4949197e+08 | U12: =AVERAGE(G12:T12) -> 8.5925445e+08 | V12: =AVERAGE(H12:U12) -> 8.668189e+08 | W12: =AVERAGE(I12:V12) -> 8.7366687e+08 | ... AG12: =AVERAGE(S12:AF12) -> 8.6731254e+08
A13: biofuel diesel | B13: =BEN!$A$40*BEN!J39 -> 1.7329414e+08 | C13: =BEN!$A$40*BEN!K39 -> 1.881546e+08 | D13: =BEN!$A$40*BEN!L39 -> 1.9792507e+08 | E13: =BEN!$A$40*BEN!M39 -> 1.9792507e+08 | F13: =BEN!$A$40*BEN!N39 -> 2.1460661e+08 | G13: =BEN!$A$40*BEN!O39 -> 2.5543399e+08 | H13: =BEN!$A$40*BEN!P39 -> 2.7910029e+08 | I13: =BEN!$A$40*BEN!Q39 -> 3.034894e+08 | ... O13: =BEN!$A$40*BEN!W39 -> 4.2272989e+08 | P13: =AVERAGE(B13:O13) -> 2.9431897e+08 | Q13: =AVERAGE(C13:P13) -> 3.0296361e+08 | R13: =AVERAGE(D13:Q13) -> 3.1116425e+08 | S13: =AVERAGE(E13:R13) -> 3.1925276e+08 | T13: =AVERAGE(F13:S13) -> 3.2791902e+08 | U13: =AVERAGE(G13:T13) -> 3.3601277e+08 | V13: =AVERAGE(H13:U13) -> 3.417684e+08 | W13: =AVERAGE(I13:V13) -> 3.4624469e+08 | ... AG13: =AVERAGE(S13:AF13) -> 3.399938e+08
A14: jet fuel or kerosene | B14: =BEN!$B$44*BEN!J43 -> 1.9789654e+08 | C14: =BEN!$B$44*BEN!K43 -> 1.0880936e+08 | D14: =BEN!$B$44*BEN!L43 -> 1.3460298e+08 | E14: =BEN!$B$44*BEN!M43 -> 1.5999977e+08 | F14: =BEN!$B$44*BEN!N43 -> 1.7126736e+08 | G14: =BEN!$B$44*BEN!O43 -> 1.8253494e+08 | H14: =BEN!$B$44*BEN!P43 -> 1.9380253e+08 | I14: =BEN!$B$44*BEN!Q43 -> 2.0882599e+08 | ... O14: =BEN!$B$44*BEN!W43 -> 2.2309827e+08 | P14: =AVERAGE(B14:O14) -> 1.9090479e+08 | Q14: =AVERAGE(C14:P14) -> 1.9040538e+08 | R14: =AVERAGE(D14:Q14) -> 1.9623367e+08 | S14: =AVERAGE(E14:R14) -> 2.0063586e+08 | T14: =AVERAGE(F14:S14) -> 2.0353844e+08 | U14: =AVERAGE(G14:T14) -> 2.0584352e+08 | V14: =AVERAGE(H14:U14) -> 2.0750842e+08 | W14: =AVERAGE(I14:V14) -> 2.0848741e+08 | ... AG14: =AVERAGE(S14:AF14) -> 2.0559719e+08
A15: heat (not used in this variable) | B15: 0 | C15: 0 | D15: 0 | E15: 0 | F15: 0 | G15: 0 | H15: 0 | I15: 0 | J15: 0 | K15: 0 | L15: 0 | M15: 0 | N15: 0 | O15: 0 | P15: =AVERAGE(B15:O15) -> 0 | Q15: =AVERAGE(C15:P15) -> 0 | R15: =AVERAGE(D15:Q15) -> 0 | S15: =AVERAGE(E15:R15) -> 0 | T15: =AVERAGE(F15:S15) -> 0 | U15: =AVERAGE(G15:T15) -> 0 | V15: =AVERAGE(H15:U15) -> 0 | W15: =AVERAGE(I15:V15) -> 0 | ... AG15: =AVERAGE(S15:AF15) -> 0
A16: geothermal (is not a fuel) | B16: 0 | C16: 0 | D16: 0 | E16: 0 | F16: 0 | G16: 0 | H16: 0 | I16: 0 | J16: 0 | K16: 0 | L16: 0 | M16: 0 | N16: 0 | O16: 0 | P16: =AVERAGE(B16:O16) -> 0 | Q16: =AVERAGE(C16:P16) -> 0 | R16: =AVERAGE(D16:Q16) -> 0 | S16: =AVERAGE(E16:R16) -> 0 | T16: =AVERAGE(F16:S16) -> 0 | U16: =AVERAGE(G16:T16) -> 0 | V16: =AVERAGE(H16:U16) -> 0 | W16: =AVERAGE(I16:V16) -> 0 | ... AG16: =AVERAGE(S16:AF16) -> 0
A17: lignite | B17: =BEN!$A$50*BEN!J49 -> 129082600 | C17: =BEN!$A$50*BEN!K49 -> 130776660 | D17: =BEN!$A$50*BEN!L49 -> 159026900 | E17: =BEN!$A$50*BEN!M49 -> 146070920 | F17: =BEN!$A$50*BEN!N49 -> 1.3256218e+08 | G17: =BEN!$A$50*BEN!O49 -> 1.3256218e+08 | H17: =BEN!$A$50*BEN!P49 -> 1.3256218e+08 | I17: =BEN!$A$50*BEN!Q49 -> 1.3256218e+08 | ... O17: =BEN!$A$50*BEN!W49 -> 1.3256218e+08 | P17: =AVERAGE(B17:O17) -> 1.3504135e+08 | Q17: =AVERAGE(C17:P17) -> 1.3546698e+08 | R17: =AVERAGE(D17:Q17) -> 1.35802e+08 | S17: =AVERAGE(E17:R17) -> 1.3414308e+08 | T17: =AVERAGE(F17:S17) -> 1.3329109e+08 | U17: =AVERAGE(G17:T17) -> 1.3334315e+08 | V17: =AVERAGE(H17:U17) -> 1.3339894e+08 | W17: =AVERAGE(I17:V17) -> 1.334587e+08 | ... AG17: =AVERAGE(S17:AF17) -> 1.3369246e+08
A18: crude oil | B18: =BEN!$A$54*BEN!J53 -> 5719962008 | C18: =BEN!$A$54*BEN!K53 -> 6050220626 | D18: =BEN!$A$54*BEN!L53 -> 5961113312 | E18: =BEN!$A$54*BEN!M53 -> 6199403858 | F18: =BEN!$A$54*BEN!N53 -> 6.8193442e+09 | G18: =BEN!$A$54*BEN!O53 -> 7.8525782e+09 | H18: =BEN!$A$54*BEN!P53 -> 8.4725186e+09 | I18: =BEN!$A$54*BEN!Q53 -> 9.2991058e+09 | ... O18: =BEN!$A$54*BEN!W53 -> 1.0125693e+10 | P18: =AVERAGE(B18:O18) -> 8.5434404e+09 | Q18: =AVERAGE(C18:P18) -> 8.7451175e+09 | R18: =AVERAGE(D18:Q18) -> 8.9376101e+09 | S18: =AVERAGE(E18:R18) -> 9.150217e+09 | T18: =AVERAGE(F18:S18) -> 9.3609894e+09 | U18: =AVERAGE(G18:T18) -> 9.5425355e+09 | V18: =AVERAGE(H18:U18) -> 9.6632467e+09 | W18: =AVERAGE(I18:V18) -> 9.7482987e+09 | ... AG18: =AVERAGE(S18:AF18) -> 9.5534985e+09
A19: heavy fuel oil | B19: =BEN!$A$58*BEN!J57 -> 464686572 | C19: =BEN!$A$58*BEN!K57 -> 665243109 | D19: =BEN!$A$58*BEN!L57 -> 653925963 | E19: =BEN!$A$58*BEN!M57 -> 700447788 | F19: =BEN!$A$58*BEN!N57 -> 6.9169409e+08 | G19: =BEN!$A$58*BEN!O57 -> 6.9908695e+08 | H19: =BEN!$A$58*BEN!P57 -> 7.064798e+08 | I19: =BEN!$A$58*BEN!Q57 -> 7.1387266e+08 | ... O19: =BEN!$A$58*BEN!W57 -> 6.1337602e+08 | P19: =AVERAGE(B19:O19) -> 6.6211136e+08 | Q19: =AVERAGE(C19:P19) -> 6.7621313e+08 | R19: =AVERAGE(D19:Q19) -> 6.7699671e+08 | S19: =AVERAGE(E19:R19) -> 6.7864462e+08 | T19: =AVERAGE(F19:S19) -> 6.7708725e+08 | U19: =AVERAGE(G19:T19) -> 6.760439e+08 | V19: =AVERAGE(H19:U19) -> 6.7439797e+08 | W19: =AVERAGE(I19:V19) -> 6.7210641e+08 | ... AG19: =AVERAGE(S19:AF19) -> 6.7060315e+08
A20: LPG propane or butane | B20: =BEN!$A$62*BEN!J61 -> 249379420 | C20: =BEN!$A$62*BEN!K61 -> 253574540 | D20: =BEN!$A$62*BEN!L61 -> 245823800 | E20: =BEN!$A$62*BEN!M61 -> 256439500 | F20: =BEN!$A$62*BEN!N61 -> 283835680 | G20: =BEN!$A$62*BEN!O61 -> 3.0904477e+08 | H20: =BEN!$A$62*BEN!P61 -> 3.3425386e+08 | I20: =BEN!$A$62*BEN!Q61 -> 3.401671e+08 | ... O20: =BEN!$A$62*BEN!W61 -> 400544430 | P20: =AVERAGE(B20:O20) -> 3.2142458e+08 | Q20: =AVERAGE(C20:P20) -> 3.2657066e+08 | R20: =AVERAGE(D20:Q20) -> 3.3178467e+08 | S20: =AVERAGE(E20:R20) -> 3.3792473e+08 | T20: =AVERAGE(F20:S20) -> 3.437451e+08 | U20: =AVERAGE(G20:T20) -> 3.4802435e+08 | V20: =AVERAGE(H20:U20) -> 3.508086e+08 | W20: =AVERAGE(I20:V20) -> 3.5199108e+08 | ... AG20: =AVERAGE(S20:AF20) -> 3.4873686e+08
A21: municipal solid waste | B21: =BEN!J65 -> 0 | C21: =BEN!K65 -> 0 | D21: =BEN!L65 -> 0 | E21: =BEN!M65 -> 0 | F21: =BEN!N65 -> 0 | G21: =BEN!O65 -> 0 | H21: =BEN!P65 -> 0 | I21: =BEN!Q65 -> 0 | ... O21: =BEN!W65 -> 0 | P21: =AVERAGE(B21:O21) -> 0 | Q21: =AVERAGE(C21:P21) -> 0 | R21: =AVERAGE(D21:Q21) -> 0 | S21: =AVERAGE(E21:R21) -> 0 | T21: =AVERAGE(F21:S21) -> 0 | U21: =AVERAGE(G21:T21) -> 0 | V21: =AVERAGE(H21:U21) -> 0 | W21: =AVERAGE(I21:V21) -> 0 | ... AG21: =AVERAGE(S21:AF21) -> 0
A22: hydrogen | B22: =BEN!J66 -> 0 | C22: =BEN!K66 -> 0 | D22: =BEN!L66 -> 0 | E22: =BEN!M66 -> 0 | F22: =BEN!N66 -> 0 | G22: =BEN!O66 -> 0 | H22: =BEN!P66 -> 0 | I22: =BEN!Q66 -> 0 | ... O22: =BEN!W66 -> 0 | P22: =AVERAGE(B22:O22) -> 0 | Q22: =AVERAGE(C22:P22) -> 0 | R22: =AVERAGE(D22:Q22) -> 0 | S22: =AVERAGE(E22:R22) -> 0 | T22: =AVERAGE(F22:S22) -> 0 | U22: =AVERAGE(G22:T22) -> 0 | V22: =AVERAGE(H22:U22) -> 0 | W22: =AVERAGE(I22:V22) -> 0 | ... AG22: =AVERAGE(S22:AF22) -> 0

Sheet BFPIaE-imports-f
A1: Fuel (BTU) | B1: 2019 | C1: 2020 | D1: 2021 | E1: 2022 | F1: 2023 | G1: 2024 | H1: 2025 | I1: 2026 | J1: 2027 | K1: 2028 | L1: 2029 | M1: 2030 | N1: 2031 | O1: 2032 | P1: 2033 | Q1: 2034 | R1: 2035 | S1: 2036 | T1: 2037 | U1: 2038 | V1: 2039 | W1: 2040 | X1: 2041 | Y1: 2042 | Z1: 2043 | AA1: 2044 | AB1: 2045 | AC1: 2046 | AD1: 2047 | AE1: 2048 | AF1: 2049 | AG1: 2050
A2: electricity (not used in this variable) | B2: 0 | C2: 0 | D2: 0 | E2: 0 | F2: 0 | G2: 0 | H2: 0 | I2: 0 | J2: 0 | K2: 0 | L2: 0 | M2: 0 | N2: 0 | O2: 0 | P2: =AVERAGE(B2:N2) -> 0 | Q2: =AVERAGE(C2:O2) -> 0 | R2: =AVERAGE(D2:P2) -> 0 | S2: =AVERAGE(E2:Q2) -> 0 | T2: =AVERAGE(F2:R2) -> 0 | U2: =AVERAGE(G2:S2) -> 0 | V2: =AVERAGE(H2:T2) -> 0 | W2: =AVERAGE(I2:U2) -> 0 | ... AG2: =AVERAGE(S2:AE2) -> 0
A3: hard coal | B3: =BEN!$A$5*BEN!J5 -> 299104080 | C3: =BEN!$A$5*BEN!K5 -> 270468330 | D3: =BEN!$A$5*BEN!L5 -> 313289790 | E3: =BEN!$A$5*BEN!M5 -> 293905590 | F3: =BEN!$A$5*BEN!N5 -> 309277848 | G3: =BEN!$A$5*BEN!O5 -> 309277848 | H3: =BEN!$A$5*BEN!P5 -> 309277848 | I3: =BEN!$A$5*BEN!Q5 -> 309277848 | ... O3: =BEN!$A$5*BEN!W5 -> 309277848 | P3: =AVERAGE(B3:N3) -> 3.0463603e+08 | Q3: =AVERAGE(C3:O3) -> 305418630 | R3: =AVERAGE(D3:P3) -> 3.0804691e+08 | S3: =AVERAGE(E3:Q3) -> 3.0744144e+08 | T3: =AVERAGE(F3:R3) -> 3.0852924e+08 | U3: =AVERAGE(G3:S3) -> 3.0838797e+08 | V3: =AVERAGE(H3:T3) -> 3.0833039e+08 | W3: =AVERAGE(I3:U3) -> 3.0826194e+08 | ... AG3: =AVERAGE(S3:AE3) -> 3.0802219e+08
A4: natural gas | B4: =BEN!$A$9*BEN!J9 -> 386317 | C4: =BEN!$A$9*BEN!K9 -> 378673.4 | D4: =BEN!$A$9*BEN!L9 -> 664126.4 | E4: =BEN!$A$9*BEN!M9 -> 345735 | F4: =BEN!$A$9*BEN!N9 -> 891622 | G4: =BEN!$A$9*BEN!O9 -> 1078575 | H4: =BEN!$A$9*BEN!P9 -> 1049813 | I4: =BEN!$A$9*BEN!Q9 -> 1035432 | ... O4: =BEN!$A$9*BEN!W9 -> 690288 | P4: =AVERAGE(B4:N4) -> 758228.75 | Q4: =AVERAGE(C4:O4) -> 781611.14 | R4: =AVERAGE(D4:P4) -> 810807.7 | S4: =AVERAGE(E4:Q4) -> 819844.99 | T4: =AVERAGE(F4:R4) -> 855619.82 | U4: =AVERAGE(G4:S4) -> 850098.51 | V4: =AVERAGE(H4:T4) -> 832948.11 | W4: =AVERAGE(I4:U4) -> 817585.45 | ... AG4: =AVERAGE(S4:AE4) -> 812175.01
A5: nuclear | B5: =BEN!$A$15*BEN!J15 -> 41823377 | C5: =BEN!$A$15*BEN!K15 -> 63942437 | D5: =BEN!$A$15*BEN!L15 -> 64273602 | E5: =BEN!$A$15*BEN!M15 -> 42996253 | F5: =BEN!$A$15*BEN!N15 -> 42996253 | G5: =BEN!$A$15*BEN!O15 -> 42996253 | H5: =BEN!$A$15*BEN!P15 -> 42996253 | I5: =BEN!$A$15*BEN!Q15 -> 42996253 | ... O5: =BEN!$A$15*BEN!W15 -> 42996253 | P5: =AVERAGE(B5:N5) -> 46153996 | Q5: =AVERAGE(C5:O5) -> 46244217 | R5: =AVERAGE(D5:P5) -> 44875875 | S5: =AVERAGE(E5:Q5) -> 43488999 | T5: =AVERAGE(F5:R5) -> 43633586 | U5: =AVERAGE(G5:S5) -> 43671489 | V5: =AVERAGE(H5:T5) -> 43720515 | W5: =AVERAGE(I5:U5) -> 43772456 | ... AG5: =AVERAGE(S5:AE5) -> 43892624
A6: hydro (is not a fuel) | B6: 0 | C6: 0 | D6: 0 | E6: 0 | F6: 0 | G6: 0 | H6: 0 | I6: 0 | J6: 0 | K6: 0 | L6: 0 | M6: 0 | N6: 0 | O6: 0 | P6: =AVERAGE(B6:N6) -> 0 | Q6: =AVERAGE(C6:O6) -> 0 | R6: =AVERAGE(D6:P6) -> 0 | S6: =AVERAGE(E6:Q6) -> 0 | T6: =AVERAGE(F6:R6) -> 0 | U6: =AVERAGE(G6:S6) -> 0 | V6: =AVERAGE(H6:T6) -> 0 | W6: =AVERAGE(I6:U6) -> 0 | ... AG6: =AVERAGE(S6:AE6) -> 0
A7: wind (is not a fuel) | B7: 0 | C7: 0 | D7: 0 | E7: 0 | F7: 0 | G7: 0 | H7: 0 | I7: 0 | J7: 0 | K7: 0 | L7: 0 | M7: 0 | N7: 0 | O7: 0 | P7: =AVERAGE(B7:N7) -> 0 | Q7: =AVERAGE(C7:O7) -> 0 | R7: =AVERAGE(D7:P7) -> 0 | S7: =AVERAGE(E7:Q7) -> 0 | T7: =AVERAGE(F7:R7) -> 0 | U7: =AVERAGE(G7:S7) -> 0 | V7: =AVERAGE(H7:T7) -> 0 | W7: =AVERAGE(I7:U7) -> 0 | ... AG7: =AVERAGE(S7:AE7) -> 0
A8: solar (is not a fuel) | B8: 0 | C8: 0 | D8: 0 | E8: 0 | F8: 0 | G8: 0 | H8: 0 | I8: 0 | J8: 0 | K8: 0 | L8: 0 | M8: 0 | N8: 0 | O8: 0 | P8: =AVERAGE(B8:N8) -> 0 | Q8: =AVERAGE(C8:O8) -> 0 | R8: =AVERAGE(D8:P8) -> 0 | S8: =AVERAGE(E8:Q8) -> 0 | T8: =AVERAGE(F8:R8) -> 0 | U8: =AVERAGE(G8:S8) -> 0 | V8: =AVERAGE(H8:T8) -> 0 | W8: =AVERAGE(I8:U8) -> 0 | ... AG8: =AVERAGE(S8:AE8) -> 0
A9: biomass | B9: =BEN!$A$20*BEN!J20 -> 0 | C9: =BEN!$A$20*BEN!K20 -> 0 | D9: =BEN!$A$20*BEN!L20 -> 0 | E9: =BEN!$A$20*BEN!M20 -> 0 | F9: =BEN!$A$20*BEN!N20 -> 0 | G9: =BEN!$A$20*BEN!O20 -> 0 | H9: =BEN!$A$20*BEN!P20 -> 0 | I9: =BEN!$A$20*BEN!Q20 -> 0 | ... O9: =BEN!$A$20*BEN!W20 -> 0 | P9: =AVERAGE(B9:N9) -> 0 | Q9: =AVERAGE(C9:O9) -> 0 | R9: =AVERAGE(D9:P9) -> 0 | S9: =AVERAGE(E9:Q9) -> 0 | T9: =AVERAGE(F9:R9) -> 0 | U9: =AVERAGE(G9:S9) -> 0 | V9: =AVERAGE(H9:T9) -> 0 | W9: =AVERAGE(I9:U9) -> 0 | ... AG9: =AVERAGE(S9:AE9) -> 0
A10: petroleum gasoline | B10: =BEN!$A$28*BEN!J28 -> 149357728 | C10: =BEN!$A$28*BEN!K28 -> 151007752 | D10: =BEN!$A$28*BEN!L28 -> 84181780 | E10: =BEN!$A$28*BEN!M28 -> 126685176 | F10: =BEN!$A$28*BEN!N28 -> 63512265 | G10: =BEN!$A$28*BEN!O28 -> 31004339 | H10: =BEN!$A$28*BEN!P28 -> 0 | I10: =BEN!$A$28*BEN!Q28 -> 0 | ... O10: =BEN!$A$28*BEN!W28 -> 73304369 | P10: =AVERAGE(B10:N10) -> 47994171 | Q10: =AVERAGE(C10:O10) -> 42143912 | R10: =AVERAGE(D10:P10) -> 34219791 | S10: =AVERAGE(E10:Q10) -> 30986109 | T10: =AVERAGE(F10:R10) -> 23873387 | U10: =AVERAGE(G10:S10) -> 21371375 | V10: =AVERAGE(H10:T10) -> 20822840 | W10: =AVERAGE(I10:U10) -> 22466792 | ... AG10: =AVERAGE(S10:AE10) -> 26828873
A11: petroleum diesel | B11: =BEN!$A$32*BEN!J32 -> 4.3773351e+08 | C11: =BEN!$A$32*BEN!K32 -> 4.0364494e+08 | D11: =BEN!$A$32*BEN!L32 -> 4.8582093e+08 | E11: =BEN!$A$32*BEN!M32 -> 4.8407107e+08 | F11: =BEN!$A$32*BEN!N32 -> 4.9419882e+08 | G11: =BEN!$A$32*BEN!O32 -> 5.4093373e+08 | H11: =BEN!$A$32*BEN!P32 -> 5.8766863e+08 | I11: =BEN!$A$32*BEN!Q32 -> 5.7910399e+08 | ... O11: =BEN!$A$32*BEN!W32 -> 6.5395167e+08 | P11: =AVERAGE(B11:N11) -> 5.3612148e+08 | Q11: =AVERAGE(C11:O11) -> 5.5275365e+08 | R11: =AVERAGE(D11:P11) -> 5.6294415e+08 | S11: =AVERAGE(E11:Q11) -> 5.6809282e+08 | T11: =AVERAGE(F11:R11) -> 5.7415998e+08 | U11: =AVERAGE(G11:S11) -> 5.7984414e+08 | V11: =AVERAGE(H11:T11) -> 5.824e+08 | W11: =AVERAGE(I11:U11) -> 5.8179812e+08 | ... AG11: =AVERAGE(S11:AE11) -> 5.7934993e+08
A12: biofuel gasoline | B12: =BEN!$A$36*BEN!J36 -> 30970368 | C12: =BEN!$A$36*BEN!K36 -> 20646912 | D12: =BEN!$A$36*BEN!L36 -> 9310507.2 | E12: =BEN!$A$36*BEN!M36 -> 2133657.9 | F12: =BEN!$A$36*BEN!N36 -> 0 | G12: =BEN!$A$36*BEN!O36 -> 0 | H12: =BEN!$A$36*BEN!P36 -> 0 | I12: =BEN!$A$36*BEN!Q36 -> 0 | ... O12: =BEN!$A$36*BEN!W36 -> 0 | P12: =AVERAGE(B12:N12) -> 4850880.4 | Q12: =AVERAGE(C12:O12) -> 2468544.4 | R12: =AVERAGE(D12:P12) -> 1253465 | S12: =AVERAGE(E12:Q12) -> 727160.2 | T12: =AVERAGE(F12:R12) -> 659453.06 | U12: =AVERAGE(G12:S12) -> 715388.46 | V12: =AVERAGE(H12:T12) -> 766115.62 | W12: =AVERAGE(I12:U12) -> 821145.5 | ... AG12: =AVERAGE(S12:AE12) -> 954104.61
A13: biofuel diesel | B13: =BEN!$A$40*BEN!J40 -> 0 | C13: =BEN!$A$40*BEN!K40 -> 0 | D13: =BEN!$A$40*BEN!L40 -> 0 | E13: =BEN!$A$40*BEN!M40 -> 0 | F13: =BEN!$A$40*BEN!N40 -> 0 | G13: =BEN!$A$40*BEN!O40 -> 0 | H13: =BEN!$A$40*BEN!P40 -> 0 | I13: =BEN!$A$40*BEN!Q40 -> 0 | ... O13: =BEN!$A$40*BEN!W40 -> 0 | P13: =AVERAGE(B13:N13) -> 0 | Q13: =AVERAGE(C13:O13) -> 0 | R13: =AVERAGE(D13:P13) -> 0 | S13: =AVERAGE(E13:Q13) -> 0 | T13: =AVERAGE(F13:R13) -> 0 | U13: =AVERAGE(G13:S13) -> 0 | V13: =AVERAGE(H13:T13) -> 0 | W13: =AVERAGE(I13:U13) -> 0 | ... AG13: =AVERAGE(S13:AE13) -> 0
A14: jet fuel or kerosene | B14: =BEN!$B$44*BEN!J44 -> 31349161 | C14: =BEN!$B$44*BEN!K44 -> 12579347 | D14: =BEN!$B$44*BEN!L44 -> 9880938 | E14: =BEN!$B$44*BEN!M44 -> 33372967 | F14: =BEN!$B$44*BEN!N44 -> 6056527.8 | G14: =BEN!$B$44*BEN!O44 -> 12113056 | H14: =BEN!$B$44*BEN!P44 -> 18169583 | I14: =BEN!$B$44*BEN!Q44 -> 34257627 | ... O14: =BEN!$B$44*BEN!W44 -> 26901369 | P14: =AVERAGE(B14:N14) -> 17780883 | Q14: =AVERAGE(C14:O14) -> 17438745 | R14: =AVERAGE(D14:P14) -> 17838864 | S14: =AVERAGE(E14:Q14) -> 18420233 | T14: =AVERAGE(F14:R14) -> 17225302 | U14: =AVERAGE(G14:S14) -> 18176357 | V14: =AVERAGE(H14:T14) -> 18569606 | W14: =AVERAGE(I14:U14) -> 18570127 | ... AG14: =AVERAGE(S14:AE14) -> 17932062
A15: heat (not used in this variable) | B15: 0 | C15: 0 | D15: 0 | E15: 0 | F15: 0 | G15: 0 | H15: 0 | I15: 0 | J15: 0 | K15: 0 | L15: 0 | M15: 0 | N15: 0 | O15: 0 | P15: =AVERAGE(B15:N15) -> 0 | Q15: =AVERAGE(C15:O15) -> 0 | R15: =AVERAGE(D15:P15) -> 0 | S15: =AVERAGE(E15:Q15) -> 0 | T15: =AVERAGE(F15:R15) -> 0 | U15: =AVERAGE(G15:S15) -> 0 | V15: =AVERAGE(H15:T15) -> 0 | W15: =AVERAGE(I15:U15) -> 0 | ... AG15: =AVERAGE(S15:AE15) -> 0
A16: geothermal (is not a fuel) | B16: 0 | C16: 0 | D16: 0 | E16: 0 | F16: 0 | G16: 0 | H16: 0 | I16: 0 | J16: 0 | K16: 0 | L16: 0 | M16: 0 | N16: 0 | O16: 0 | P16: =AVERAGE(B16:N16) -> 0 | Q16: =AVERAGE(C16:O16) -> 0 | R16: =AVERAGE(D16:P16) -> 0 | S16: =AVERAGE(E16:Q16) -> 0 | T16: =AVERAGE(F16:R16) -> 0 | U16: =AVERAGE(G16:S16) -> 0 | V16: =AVERAGE(H16:T16) -> 0 | W16: =AVERAGE(I16:U16) -> 0 | ... AG16: =AVERAGE(S16:AE16) -> 0
A17: lignite | B17: =BEN!$A$50*BEN!J50 -> 206985500 | C17: =BEN!$A$50*BEN!K50 -> 163608020 | D17: =BEN!$A$50*BEN!L50 -> 225357700 | E17: =BEN!$A$50*BEN!M50 -> 136837100 | F17: =BEN!$A$50*BEN!N50 -> 1.9971218e+08 | G17: =BEN!$A$50*BEN!O50 -> 1.9971218e+08 | H17: =BEN!$A$50*BEN!P50 -> 1.9971218e+08 | I17: =BEN!$A$50*BEN!Q50 -> 1.9971218e+08 | ... O17: =BEN!$A$50*BEN!W50 -> 1.9971218e+08 | P17: =AVERAGE(B17:N17) -> 1.9463061e+08 | Q17: =AVERAGE(C17:O17) -> 1.9407112e+08 | R17: =AVERAGE(D17:P17) -> 1.9645748e+08 | S17: =AVERAGE(E17:Q17) -> 1.9405082e+08 | T17: =AVERAGE(F17:R17) -> 1.98637e+08 | U17: =AVERAGE(G17:S17) -> 1.9820151e+08 | V17: =AVERAGE(H17:T17) -> 1.981188e+08 | W17: =AVERAGE(I17:U17) -> 1.980026e+08 | ... AG17: =AVERAGE(S17:AE17) -> 1.9739855e+08
A18: crude oil | B18: =BEN!$A$54*BEN!J54 -> 352191096 | C18: =BEN!$A$54*BEN!K54 -> 344244546 | D18: =BEN!$A$54*BEN!L54 -> 287276612 | E18: =BEN!$A$54*BEN!M54 -> 504341040 | F18: =BEN!$A$54*BEN!N54 -> 4.5970909e+08 | G18: =BEN!$A$54*BEN!O54 -> 4.1507714e+08 | H18: =BEN!$A$54*BEN!P54 -> 3.7044519e+08 | I18: =BEN!$A$54*BEN!Q54 -> 3.6449426e+08 | ... O18: =BEN!$A$54*BEN!W54 -> 3.7044519e+08 | P18: =AVERAGE(B18:N18) -> 3.7642085e+08 | Q18: =AVERAGE(C18:O18) -> 3.7782502e+08 | R18: =AVERAGE(D18:P18) -> 3.8030012e+08 | S18: =AVERAGE(E18:Q18) -> 3.8726538e+08 | T18: =AVERAGE(F18:R18) -> 3.7772377e+08 | U18: =AVERAGE(G18:S18) -> 3.7215118e+08 | V18: =AVERAGE(H18:T18) -> 3.6927784e+08 | W18: =AVERAGE(I18:U18) -> 3.6940907e+08 | ... AG18: =AVERAGE(S18:AE18) -> 3.7370849e+08
A19: heavy fuel oil | B19: =BEN!$A$58*BEN!J58 -> 2126712 | C19: =BEN!$A$58*BEN!K58 -> 1481103 | D19: =BEN!$A$58*BEN!L58 -> 23621694 | E19: =BEN!$A$58*BEN!M58 -> 8013147 | F19: =BEN!$A$58*BEN!N58 -> 0 | G19: =BEN!$A$58*BEN!O58 -> 0 | H19: =BEN!$A$58*BEN!P58 -> 0 | I19: =BEN!$A$58*BEN!Q58 -> 0 | ... O19: =BEN!$A$58*BEN!W58 -> 0 | P19: =AVERAGE(B19:N19) -> 2710973.5 | Q19: =AVERAGE(C19:O19) -> 2547380.3 | R19: =AVERAGE(D19:P19) -> 2641985.7 | S19: =AVERAGE(E19:Q19) -> 1020884.7 | T19: =AVERAGE(F19:R19) -> 607718.43 | U19: =AVERAGE(G19:S19) -> 686248.02 | V19: =AVERAGE(H19:T19) -> 732995.59 | W19: =AVERAGE(I19:U19) -> 785783.9 | ... AG19: =AVERAGE(S19:AE19) -> 947762.25
A20: LPG propane or butane | B20: =BEN!$A$62*BEN!J62 -> 90936900 | C20: =BEN!$A$62*BEN!K62 -> 93546060 | D20: =BEN!$A$62*BEN!L62 -> 102754860 | E20: =BEN!$A$62*BEN!M62 -> 89760220 | F20: =BEN!$A$62*BEN!N62 -> 1.0980742e+08 | G20: =BEN!$A$62*BEN!O62 -> 95101065 | H20: =BEN!$A$62*BEN!P62 -> 80067907 | I20: =BEN!$A$62*BEN!Q62 -> 64707941 | ... O20: =BEN!$A$62*BEN!W62 -> 0 | P20: =AVERAGE(B20:N20) -> 63490640 | Q20: =AVERAGE(C20:O20) -> 56495494 | R20: =AVERAGE(D20:P20) -> 54183538 | S20: =AVERAGE(E20:Q20) -> 50625126 | T20: =AVERAGE(F20:R20) -> 47888458 | U20: =AVERAGE(G20:S20) -> 43335974 | V20: =AVERAGE(H20:T20) -> 39704235 | W20: =AVERAGE(I20:U20) -> 36878702 | ... AG20: =AVERAGE(S20:AE20) -> 40149613
A21: municipal solid waste | B21: =BEN!J65 -> 0 | C21: =BEN!K65 -> 0 | D21: =BEN!L65 -> 0 | E21: =BEN!M65 -> 0 | F21: =BEN!N65 -> 0 | G21: =BEN!O65 -> 0 | H21: =BEN!P65 -> 0 | I21: =BEN!Q65 -> 0 | ... O21: =BEN!W65 -> 0 | P21: =AVERAGE(B21:N21) -> 0 | Q21: =AVERAGE(C21:O21) -> 0 | R21: =AVERAGE(D21:P21) -> 0 | S21: =AVERAGE(E21:Q21) -> 0 | T21: =AVERAGE(F21:R21) -> 0 | U21: =AVERAGE(G21:S21) -> 0 | V21: =AVERAGE(H21:T21) -> 0 | W21: =AVERAGE(I21:U21) -> 0 | ... AG21: =AVERAGE(S21:AE21) -> 0
A22: hydrogen | B22: =BEN!J66 -> 0 | C22: =BEN!K66 -> 0 | D22: =BEN!L66 -> 0 | E22: =BEN!M66 -> 0 | F22: =BEN!N66 -> 0 | G22: =BEN!O66 -> 0 | H22: =BEN!P66 -> 0 | I22: =BEN!Q66 -> 0 | ... O22: =BEN!W66 -> 0 | P22: =AVERAGE(B22:N22) -> 0 | Q22: =AVERAGE(C22:O22) -> 0 | R22: =AVERAGE(D22:P22) -> 0 | S22: =AVERAGE(E22:Q22) -> 0 | T22: =AVERAGE(F22:R22) -> 0 | U22: =AVERAGE(G22:S22) -> 0 | V22: =AVERAGE(H22:T22) -> 0 | W22: =AVERAGE(I22:U22) -> 0 | ... AG22: =AVERAGE(S22:AE22) -> 0

Sheet BFPIaE-exports-f
A1: Fuel (BTU) | B1: 2019 | C1: 2020 | D1: 2021 | E1: 2022 | F1: 2023 | G1: 2024 | H1: 2025 | I1: 2026 | J1: 2027 | K1: 2028 | L1: 2029 | M1: 2030 | N1: 2031 | O1: 2032 | P1: 2033 | Q1: 2034 | R1: 2035 | S1: 2036 | T1: 2037 | U1: 2038 | V1: 2039 | W1: 2040 | X1: 2041 | Y1: 2042 | Z1: 2043 | AA1: 2044 | AB1: 2045 | AC1: 2046 | AD1: 2047 | AE1: 2048 | AF1: 2049 | AG1: 2050
A2: electricity (not used in this variable) | B2: 0 | C2: 0 | D2: 0 | E2: 0 | F2: 0 | G2: 0 | H2: 0 | I2: 0 | J2: 0 | K2: 0 | L2: 0 | M2: 0 | N2: 0 | O2: 0 | P2: 0 | Q2: =P2 -> 0 | R2: =Q2 -> 0 | S2: =R2 -> 0 | T2: =S2 -> 0 | U2: =T2 -> 0 | V2: =U2 -> 0 | W2: =V2 -> 0 | X2: =W2 -> 0 | ... AG2: =AF2 -> 0
A3: hard coal | B3: =BEN!$A$5*BEN!J6 -> 0 | C3: =BEN!$A$5*BEN!K4 -> 0 | D3: =BEN!$A$5*BEN!L4 -> 0 | E3: =BEN!$A$5*BEN!M4 -> 0 | F3: =BEN!$A$5*BEN!N4 -> 0 | G3: =BEN!$A$5*BEN!O4 -> 0 | H3: =BEN!$A$5*BEN!P4 -> 0 | I3: =BEN!$A$5*BEN!Q4 -> 0 | J3: =BEN!$A$5*BEN!R4 -> 0 | ... AG3: =BEN!$A$5*BEN!AO4 -> 0
A4: natural gas | B4: =BEN!$A$9*BEN!J10 -> 0 | C4: =BEN!$A$9*BEN!K8 -> 982478.4 | D4: =BEN!$A$9*BEN!L8 -> 999932.6 | E4: =BEN!$A$9*BEN!M8 -> 957971.6 | F4: =BEN!$A$9*BEN!N8 -> 1035432 | G4: =BEN!$A$9*BEN!O8 -> 1078575 | H4: =BEN!$A$9*BEN!P8 -> 1092956 | I4: =BEN!$A$9*BEN!Q8 -> 1121718 | J4: =BEN!$A$9*BEN!R8 -> 1366195 | ... O4: =BEN!$A$9*BEN!W8 -> 1927054 | P4: =AVERAGE(C4:O4) -> 1339051.4 | Q4: =AVERAGE(D4:P4) -> 1366480.1 | R4: =AVERAGE(E4:Q4) -> 1394676.1 | S4: =AVERAGE(F4:R4) -> 1428268.7 | T4: =AVERAGE(G4:S4) -> 1458487 | U4: =AVERAGE(H4:T4) -> 1487710.9 | V4: =AVERAGE(I4:U4) -> 1518076.7 | W4: =AVERAGE(J4:V4) -> 1548565.8 | ... AG4: =AVERAGE(T4:AF4) -> 1517869
A5: nuclear | B5: =BEN!$A$15*BEN!J116 -> 0 | C5: =BEN!$A$15*BEN!K14 -> 2801103.7 | D5: =BEN!$A$15*BEN!L14 -> 4663906.7 | E5: =BEN!$A$15*BEN!M14 -> 7023457.2 | F5: =BEN!$A$15*BEN!N14 -> 7023457.2 | G5: =BEN!$A$15*BEN!O14 -> 7023457.2 | H5: =BEN!$A$15*BEN!P14 -> 7023457.2 | I5: =BEN!$A$15*BEN!Q14 -> 7023457.2 | J5: =BEN!$A$15*BEN!R14 -> 7023457.2 | ... O5: =BEN!$A$15*BEN!W14 -> 7023457.2 | P5: =AVERAGE(C5:O5) -> 6517156.9 | Q5: =AVERAGE(D5:P5) -> 6803007.1 | R5: =AVERAGE(E5:Q5) -> 6967553.3 | S5: =AVERAGE(F5:R5) -> 6963253 | T5: =AVERAGE(G5:S5) -> 6958621.9 | U5: =AVERAGE(H5:T5) -> 6953634.6 | V5: =AVERAGE(I5:U5) -> 6948263.6 | W5: =AVERAGE(J5:V5) -> 6942479.5 | ... AG5: =AVERAGE(T5:AF5) -> 6931121.8
A6: hydro (is not a fuel) | B6: 0 | C6: 0 | D6: 0 | E6: 0 | F6: 0 | G6: 0 | H6: 0 | I6: 0 | J6: 0 | K6: 0 | L6: 0 | M6: 0 | N6: 0 | O6: 0 | P6: =AVERAGE(C6:O6) -> 0 | Q6: =AVERAGE(D6:P6) -> 0 | R6: =AVERAGE(E6:Q6) -> 0 | S6: =AVERAGE(F6:R6) -> 0 | T6: =AVERAGE(G6:S6) -> 0 | U6: =AVERAGE(H6:T6) -> 0 | V6: =AVERAGE(I6:U6) -> 0 | W6: =AVERAGE(J6:V6) -> 0 | ... AG6: =AVERAGE(T6:AF6) -> 0
A7: wind (is not a fuel) | B7: 0 | C7: 0 | D7: 0 | E7: 0 | F7: 0 | G7: 0 | H7: 0 | I7: 0 | J7: 0 | K7: 0 | L7: 0 | M7: 0 | N7: 0 | O7: 0 | P7: =AVERAGE(C7:O7) -> 0 | Q7: =AVERAGE(D7:P7) -> 0 | R7: =AVERAGE(E7:Q7) -> 0 | S7: =AVERAGE(F7:R7) -> 0 | T7: =AVERAGE(G7:S7) -> 0 | U7: =AVERAGE(H7:T7) -> 0 | V7: =AVERAGE(I7:U7) -> 0 | W7: =AVERAGE(J7:V7) -> 0 | ... AG7: =AVERAGE(T7:AF7) -> 0
A8: solar (is not a fuel) | B8: 0 | C8: 0 | D8: 0 | E8: 0 | F8: 0 | G8: 0 | H8: 0 | I8: 0 | J8: 0 | K8: 0 | L8: 0 | M8: 0 | N8: 0 | O8: 0 | P8: =AVERAGE(C8:O8) -> 0 | Q8: =AVERAGE(D8:P8) -> 0 | R8: =AVERAGE(E8:Q8) -> 0 | S8: =AVERAGE(F8:R8) -> 0 | T8: =AVERAGE(G8:S8) -> 0 | U8: =AVERAGE(H8:T8) -> 0 | V8: =AVERAGE(I8:U8) -> 0 | W8: =AVERAGE(J8:V8) -> 0 | ... AG8: =AVERAGE(T8:AF8) -> 0
A9: biomass | B9: =BEN!$A$20*BEN!J21 -> 0 | C9: =BEN!$A$20*BEN!K19 -> 2313221300 | D9: =BEN!$A$20*BEN!L19 -> 2155755550 | E9: =BEN!$A$20*BEN!M19 -> 2128149400 | F9: =BEN!$A$20*BEN!N19 -> 1.4120321e+09 | G9: =BEN!$A$20*BEN!O19 -> 1.4969664e+09 | H9: =BEN!$A$20*BEN!P19 -> 1.5819006e+09 | I9: =BEN!$A$20*BEN!Q19 -> 1.6668349e+09 | J9: =BEN!$A$20*BEN!R19 -> 1751769162 | ... O9: =BEN!$A$20*BEN!W19 -> 2176440474 | P9: =AVERAGE(C9:O9) -> 1887653014 | Q9: =AVERAGE(D9:P9) -> 1854916992 | R9: =AVERAGE(E9:Q9) -> 1.8317756e+09 | S9: =AVERAGE(F9:R9) -> 1.8089776e+09 | T9: =AVERAGE(G9:S9) -> 1.8395118e+09 | U9: =AVERAGE(H9:T9) -> 1.8658615e+09 | V9: =AVERAGE(I9:U9) -> 1.8877046e+09 | W9: =AVERAGE(J9:V9) -> 1.9046946e+09 | ... AG9: =AVERAGE(T9:AF9) -> 1.8932114e+09
A10: petroleum gasoline | B10: =BEN!$A$28*BEN!J29 -> 61539784 | C10: =BEN!$A$28*BEN!K27 -> 719502132 | D10: =BEN!$A$28*BEN!L27 -> 858623600 | E10: =BEN!$A$28*BEN!M27 -> 876162744 | F10: =BEN!$A$28*BEN!N27 -> 8.5129103e+08 | G10: =BEN!$A$28*BEN!O27 -> 8.2641931e+08 | H10: =BEN!$A$28*BEN!P27 -> 8.0154759e+08 | I10: =BEN!$A$28*BEN!Q27 -> 8.109687e+08 | J10: =BEN!$A$28*BEN!R27 -> 8.203898e+08 | ... O10: =BEN!$A$28*BEN!W27 -> 8.1172239e+08 | P10: =AVERAGE(C10:O10) -> 8.2067217e+08 | Q10: =AVERAGE(D10:P10) -> 8.2845448e+08 | R10: =AVERAGE(E10:Q10) -> 8.2613377e+08 | S10: =AVERAGE(F10:R10) -> 8.2228539e+08 | T10: =AVERAGE(G10:S10) -> 8.2005419e+08 | U10: =AVERAGE(H10:T10) -> 8.1956456e+08 | V10: =AVERAGE(I10:U10) -> 8.2095048e+08 | W10: =AVERAGE(J10:V10) -> 8.2171831e+08 | ... AG10: =AVERAGE(T10:AF10) -> 8.2117831e+08
A11: petroleum diesel | B11: =BEN!$A$32*BEN!J33 -> 20190660 | C11: =BEN!$A$32*BEN!K31 -> 1.3981696e+09 | D11: =BEN!$A$32*BEN!L31 -> 1.4420506e+09 | E11: =BEN!$A$32*BEN!M31 -> 1509924857 | F11: =BEN!$A$32*BEN!N31 -> 1.5267336e+09 | G11: =BEN!$A$32*BEN!O31 -> 1.5181357e+09 | H11: =BEN!$A$32*BEN!P31 -> 1.5095379e+09 | I11: =BEN!$A$32*BEN!Q31 -> 1.5603062e+09 | J11: =BEN!$A$32*BEN!R31 -> 1.6110745e+09 | ... O11: =BEN!$A$32*BEN!W31 -> 1.7293973e+09 | P11: =AVERAGE(C11:O11) -> 1.5810795e+09 | Q11: =AVERAGE(D11:P11) -> 1.5951495e+09 | R11: =AVERAGE(E11:Q11) -> 1.6069263e+09 | S11: =AVERAGE(F11:R11) -> 1.6143879e+09 | T11: =AVERAGE(G11:S11) -> 1.6211306e+09 | U11: =AVERAGE(H11:T11) -> 1.6290533e+09 | V11: =AVERAGE(I11:U11) -> 1.6382468e+09 | W11: =AVERAGE(J11:V11) -> 1.6442422e+09 | ... AG11: =AVERAGE(T11:AF11) -> 1.6355603e+09
A12: biofuel gasoline | B12: =BEN!$A$36*BEN!J37 -> 41660209 | C12: =BEN!$A$36*BEN!K35 -> 7.0257691e+08 | D12: =BEN!$A$36*BEN!L35 -> 6.4436469e+08 | E12: =BEN!$A$36*BEN!M35 -> 7.0011997e+08 | F12: =BEN!$A$36*BEN!N35 -> 7.1281719e+08 | G12: =BEN!$A$36*BEN!O35 -> 7.533521e+08 | H12: =BEN!$A$36*BEN!P35 -> 7.7094734e+08 | I12: =BEN!$A$36*BEN!Q35 -> 7.9985624e+08 | J12: =BEN!$A$36*BEN!R35 -> 8.4369213e+08 | ... O12: =BEN!$A$36*BEN!W35 -> 1.0161169e+09 | P12: =AVERAGE(C12:O12) -> 8.1857015e+08 | Q12: =AVERAGE(D12:P12) -> 8.274927e+08 | R12: =AVERAGE(E12:Q12) -> 8.4157948e+08 | S12: =AVERAGE(F12:R12) -> 8.5246098e+08 | T12: =AVERAGE(G12:S12) -> 8.6320281e+08 | U12: =AVERAGE(H12:T12) -> 8.7165286e+08 | V12: =AVERAGE(I12:U12) -> 8.7939944e+08 | W12: =AVERAGE(J12:V12) -> 8.8551815e+08 | ... AG12: =AVERAGE(T12:AF12) -> 8.7842322e+08
A13: biofuel diesel | B13: =BEN!$A$40*BEN!J41 -> 0 | C13: =BEN!$A$40*BEN!K39 -> 1.881546e+08 | D13: =BEN!$A$40*BEN!L39 -> 1.9792507e+08 | E13: =BEN!$A$40*BEN!M39 -> 1.9792507e+08 | F13: =BEN!$A$40*BEN!N39 -> 2.1460661e+08 | G13: =BEN!$A$40*BEN!O39 -> 2.5543399e+08 | H13: =BEN!$A$40*BEN!P39 -> 2.7910029e+08 | I13: =BEN!$A$40*BEN!Q39 -> 3.034894e+08 | J13: =BEN!$A$40*BEN!R39 -> 3.2860131e+08 | ... O13: =BEN!$A$40*BEN!W39 -> 4.2272989e+08 | P13: =AVERAGE(C13:O13) -> 3.0362858e+08 | Q13: =AVERAGE(D13:P13) -> 3.1251119e+08 | R13: =AVERAGE(E13:Q13) -> 3.2132551e+08 | S13: =AVERAGE(F13:R13) -> 3.3081785e+08 | T13: =AVERAGE(G13:S13) -> 3.3975717e+08 | U13: =AVERAGE(H13:T13) -> 3.4624357e+08 | V13: =AVERAGE(I13:U13) -> 3.5140844e+08 | W13: =AVERAGE(J13:V13) -> 3.5509452e+08 | ... AG13: =AVERAGE(T13:AF13) -> 3.491083e+08
A14: jet fuel or kerosene | B14: =BEN!$B$44*BEN!J45 -> 96388748 | C14: =BEN!$B$44*BEN!K45 -> 45039617 | D14: =BEN!$B$44*BEN!L45 -> 43214223 | E14: =BEN!$B$44*BEN!M45 -> 70317358 | F14: =BEN!$B$44*BEN!N45 -> 3788925.5 | G14: =BEN!$B$44*BEN!O45 -> 7577851 | H14: =BEN!$B$44*BEN!P45 -> 11366777 | I14: =BEN!$B$44*BEN!Q45 -> 21431355 | ... O14: =BEN!$B$44*BEN!W45 -> 0 | P14: =AVERAGE(C14:O14) -> 17352871 | Q14: =AVERAGE(D14:P14) -> 15223122 | R14: =AVERAGE(E14:Q14) -> 13069960 | S14: =AVERAGE(F14:R14) -> 8666314 | T14: =AVERAGE(G14:S14) -> 9041497.8 | U14: =AVERAGE(H14:T14) -> 9154086 | V14: =AVERAGE(I14:U14) -> 8983879 | W14: =AVERAGE(J14:V14) -> 8026380.9 | ... AG14: =AVERAGE(T14:AF14) -> 8683396
A15: heat (not used in this variable) | B15: 0 | C15: 0 | D15: 0 | E15: 0 | F15: 0 | G15: 0 | H15: 0 | I15: 0 | J15: 0 | K15: 0 | L15: 0 | M15: 0 | N15: 0 | O15: 0 | P15: =AVERAGE(C15:O15) -> 0 | Q15: =AVERAGE(D15:P15) -> 0 | R15: =AVERAGE(E15:Q15) -> 0 | S15: =AVERAGE(F15:R15) -> 0 | T15: =AVERAGE(G15:S15) -> 0 | U15: =AVERAGE(H15:T15) -> 0 | V15: =AVERAGE(I15:U15) -> 0 | W15: =AVERAGE(J15:V15) -> 0 | ... AG15: =AVERAGE(T15:AF15) -> 0
A16: geothermal (is not a fuel) | B16: 0 | C16: 0 | D16: 0 | E16: 0 | F16: 0 | G16: 0 | H16: 0 | I16: 0 | J16: 0 | K16: 0 | L16: 0 | M16: 0 | N16: 0 | O16: 0 | P16: =AVERAGE(C16:O16) -> 0 | Q16: =AVERAGE(D16:P16) -> 0 | R16: =AVERAGE(E16:Q16) -> 0 | S16: =AVERAGE(F16:R16) -> 0 | T16: =AVERAGE(G16:S16) -> 0 | U16: =AVERAGE(H16:T16) -> 0 | V16: =AVERAGE(I16:U16) -> 0 | W16: =AVERAGE(J16:V16) -> 0 | ... AG16: =AVERAGE(T16:AF16) -> 0
A17: lignite | B17: =BEN!$A$50*BEN!J51 -> 0 | C17: =BEN!$A$50*BEN!K49 -> 130776660 | D17: =BEN!$A$50*BEN!L49 -> 159026900 | E17: =BEN!$A$50*BEN!M49 -> 146070920 | F17: =BEN!$A$50*BEN!N49 -> 1.3256218e+08 | G17: =BEN!$A$50*BEN!O49 -> 1.3256218e+08 | H17: =BEN!$A$50*BEN!P49 -> 1.3256218e+08 | I17: =BEN!$A$50*BEN!Q49 -> 1.3256218e+08 | J17: =BEN!$A$50*BEN!R49 -> 1.3256218e+08 | ... O17: =BEN!$A$50*BEN!W49 -> 1.3256218e+08 | P17: =AVERAGE(C17:O17) -> 1.3549972e+08 | Q17: =AVERAGE(D17:P17) -> 1.3586303e+08 | R17: =AVERAGE(E17:Q17) -> 1.3408119e+08 | S17: =AVERAGE(F17:R17) -> 1.3315891e+08 | T17: =AVERAGE(G17:S17) -> 1.3320481e+08 | U17: =AVERAGE(H17:T17) -> 1.3325424e+08 | V17: =AVERAGE(I17:U17) -> 1.3330747e+08 | W17: =AVERAGE(J17:V17) -> 1.333648e+08 | ... AG17: =AVERAGE(T17:AF17) -> 1.3349781e+08
A18: crude oil | B18: =BEN!$A$54*BEN!J55 -> 2517361086 | C18: =BEN!$A$54*BEN!K53 -> 6050220626 | D18: =BEN!$A$54*BEN!L53 -> 5961113312 | E18: =BEN!$A$54*BEN!M53 -> 6199403858 | F18: =BEN!$A$54*BEN!N53 -> 6.8193442e+09 | G18: =BEN!$A$54*BEN!O53 -> 7.8525782e+09 | H18: =BEN!$A$54*BEN!P53 -> 8.4725186e+09 | I18: =BEN!$A$54*BEN!Q53 -> 9.2991058e+09 | J18: =BEN!$A$54*BEN!R53 -> 9.7123994e+09 | ... O18: =BEN!$A$54*BEN!W53 -> 1.0125693e+10 | P18: =AVERAGE(C18:O18) -> 8.7606311e+09 | Q18: =AVERAGE(D18:P18) -> 8.9691242e+09 | R18: =AVERAGE(E18:Q18) -> 9.2005096e+09 | S18: =AVERAGE(F18:R18) -> 9.4313639e+09 | T18: =AVERAGE(G18:S18) -> 9.6322885e+09 | U18: =AVERAGE(H18:T18) -> 9.7691893e+09 | V18: =AVERAGE(I18:U18) -> 9.8689332e+09 | W18: =AVERAGE(J18:V18) -> 9.9127661e+09 | ... AG18: =AVERAGE(T18:AF18) -> 9.7459517e+09
A19: heavy fuel oil | B19: =BEN!$A$58*BEN!J59 -> 350641641 | C19: =BEN!$A$58*BEN!K57 -> 665243109 | D19: =BEN!$A$58*BEN!L57 -> 653925963 | E19: =BEN!$A$58*BEN!M57 -> 700447788 | F19: =BEN!$A$58*BEN!N57 -> 6.9169409e+08 | G19: =BEN!$A$58*BEN!O57 -> 6.9908695e+08 | H19: =BEN!$A$58*BEN!P57 -> 7.064798e+08 | I19: =BEN!$A$58*BEN!Q57 -> 7.1387266e+08 | J19: =BEN!$A$58*BEN!R57 -> 7.0185927e+08 | ... O19: =BEN!$A$58*BEN!W57 -> 6.1337602e+08 | P19: =AVERAGE(C19:O19) -> 6.7729789e+08 | Q19: =AVERAGE(D19:P19) -> 6.7822518e+08 | R19: =AVERAGE(E19:Q19) -> 6.8009435e+08 | S19: =AVERAGE(F19:R19) -> 6.785287e+08 | T19: =AVERAGE(G19:S19) -> 6.7751597e+08 | U19: =AVERAGE(H19:T19) -> 6.7585667e+08 | V19: =AVERAGE(I19:U19) -> 6.7350104e+08 | W19: =AVERAGE(J19:V19) -> 6.7039553e+08 | ... AG19: =AVERAGE(T19:AF19) -> 6.7076608e+08
A20: LPG propane or butane | B20: =BEN!$A$62*BEN!J63 -> 25580 | C20: =BEN!$A$62*BEN!K61 -> 253574540 | D20: =BEN!$A$62*BEN!L61 -> 245823800 | E20: =BEN!$A$62*BEN!M61 -> 256439500 | F20: =BEN!$A$62*BEN!N61 -> 283835680 | G20: =BEN!$A$62*BEN!O61 -> 3.0904477e+08 | H20: =BEN!$A$62*BEN!P61 -> 3.3425386e+08 | I20: =BEN!$A$62*BEN!Q61 -> 3.401671e+08 | J20: =BEN!$A$62*BEN!R61 -> 3.4608035e+08 | ... O20: =BEN!$A$62*BEN!W61 -> 400544430 | P20: =AVERAGE(C20:O20) -> 3.2696651e+08 | Q20: =AVERAGE(D20:P20) -> 3.3261205e+08 | R20: =AVERAGE(E20:Q20) -> 3.3928807e+08 | S20: =AVERAGE(F20:R20) -> 3.4566103e+08 | T20: =AVERAGE(G20:S20) -> 3.5041683e+08 | U20: =AVERAGE(H20:T20) -> 3.535993e+08 | V20: =AVERAGE(I20:U20) -> 3.5508741e+08 | W20: =AVERAGE(J20:V20) -> 3.5623512e+08 | ... AG20: =AVERAGE(T20:AF20) -> 3.5389051e+08
A21: municipal solid waste | B21: =BEN!J65 -> 0 | C21: =BEN!K65 -> 0 | D21: =BEN!L65 -> 0 | E21: =BEN!M65 -> 0 | F21: =BEN!N65 -> 0 | G21: =BEN!O65 -> 0 | H21: =BEN!P65 -> 0 | I21: =BEN!Q65 -> 0 | ... O21: =BEN!W65 -> 0 | P21: =AVERAGE(C21:O21) -> 0 | Q21: =AVERAGE(D21:P21) -> 0 | R21: =AVERAGE(E21:Q21) -> 0 | S21: =AVERAGE(F21:R21) -> 0 | T21: =AVERAGE(G21:S21) -> 0 | U21: =AVERAGE(H21:T21) -> 0 | V21: =AVERAGE(I21:U21) -> 0 | W21: =AVERAGE(J21:V21) -> 0 | ... AG21: =AVERAGE(T21:AF21) -> 0
A22: hydrogen | B22: =BEN!J66 -> 0 | C22: =BEN!K66 -> 0 | D22: =BEN!L66 -> 0 | E22: =BEN!M66 -> 0 | F22: =BEN!N66 -> 0 | G22: =BEN!O66 -> 0 | H22: =BEN!P66 -> 0 | I22: =BEN!Q66 -> 0 | ... O22: =BEN!W66 -> 0 | P22: =AVERAGE(C22:O22) -> 0 | Q22: =AVERAGE(D22:P22) -> 0 | R22: =AVERAGE(E22:Q22) -> 0 | S22: =AVERAGE(F22:R22) -> 0 | T22: =AVERAGE(G22:S22) -> 0 | U22: =AVERAGE(H22:T22) -> 0 | V22: =AVERAGE(I22:U22) -> 0 | W22: =AVERAGE(J22:V22) -> 0 | ... AG22: =AVERAGE(T22:AF22) -> 0

Sheet Brazil Energy Balance
A1: 2022 | B1: 10^3 toe
A2: ACCOUNT | B2: CRUDE OIL | C2: NATURAL GAS | D2: STEAM COAL | E2: METALLURGICAL COAL | F2: URANIUM U₃O₈ | G2: HYDRAULIC ENERGY | H2: FIREWOOD | I2: SUGARCANE PRODUCTS | J2: OTHER PRIMARY SOURCES | K2: TOTAL PRIMARY ENERGY | L2: BIODIESEL | M2: DIESEL OIL | N2: FUEL OIL | O2: GASOLINE | P2: LPG | Q2: NAPHTHA | R2: KEROSENE | S2: CITY & COKE OVEN GAS | T2: MINERAL COAL COKE | U2: URANIUM IN UO₂ | V2: ELECTRICITY | W2: CHARCOAL | X2: ETHANOL (ANHYDROUS & HYDRATED) | Y2: OTHER PETROLEUM PRODUCTS | Z2: NON-ENERGETIC PETROLEUM PRODUCTS | AA2: TAR
A3: Production | B3: 156398 | C3: 49971 | D3: 2311 | E3: 0 | F3: 516 | G3: 36732 | H3: 27283 | I3: 47740 | J3: 33597 | K3: 354548 | L3: 0 | M3: 0 | N3: 0 | O3: 0 | P3: 0 | Q3: 0 | R3: 0 | S3: 0 | T3: 0 | U3: 0 | V3: 0 | W3: 0 | X3: 0 | Y3: 0 | Z3: 0 | AA3: 0
A4: Import | B4: 12724 | C4: 7722 | D4: 3257 | E4: 7405 | F4: 3160 | G4: 0 | H4: 0 | I4: 0 | J4: 0 | K4: 34267 | L4: 0 | M4: 12198 | N4: 202 | O4: 3193 | P4: 2144 | Q4: 6451 | R4: 1064 | S4: 0 | T4: 1082 | U4: 2781 | V4: 1538 | W4: 0 | X4: 53 | Y4: 2941 | Z4: 1533 | AA4: 0
A5: Stock Variation | B5: -470 | C5: 0 | D5: 55 | E5: 56 | F5: 535 | G5: 0 | H5: 0 | I5: 0 | J5: 0 | K5: 175 | L5: -14 | M5: -507 | N5: -567 | O5: -568 | P5: -38 | Q5: -52 | R5: -148 | S5: 0 | T5: -180 | U5: -3130 | V5: 0 | W5: 0 | X5: 176 | Y5: 28 | Z5: -61 | AA5: 0
A6: Total Supply | B6: 168651 | C6: 57692 | D6: 5624 | E6: 7460 | F6: 4210 | G6: 36732 | H6: 27283 | I6: 47740 | J6: 33597 | K6: 388991 | L6: -14 | M6: 11691 | N6: -365 | O6: 2624 | P6: 2106 | Q6: 6399 | R6: 916 | S6: 0 | T6: 902 | U6: -349 | V6: 1538 | W6: 0 | X6: 229 | Y6: 2969 | Z6: 1473 | AA6: 0
A7: Export | B7: -69580 | C7: 0 | D7: 0 | E7: 0 | F7: 0 | G7: 0 | H7: 0 | I7: 0 | J7: 0 | K7: -69580 | L7: 0 | M7: -547 | N7: -14592 | O7: -420 | P7: 0 | Q7: -379 | R7: -1772 | S7: 0 | T7: 0 | U7: 0 | V7: -428 | W7: 0 | X7: -1235 | Y7: -820 | Z7: -282 | AA7: 0
A9: 2021 | B9: 10^3 toe
A10: ACCOUNT | B10: OIL | C10: NATURAL GAS | D10: STEAM COAL | E10: METALLURGICAL COAL | F10: URANIUM U3O8 | G10: HYDRAULIC ENERGY | H10: FIREWOOD | I10: SUGARCANE PRODUCTS | J10: OTHER PRIMARY SOURCES | K10: TOTAL PRIMARY ENERGY | L10: BIODIESEL | M10: DIESEL OIL | N10: FUEL OIL | O10: GASOLINE | P10: LPG | Q10: NAPHTHA | R10: KEROSENE | S10: TOWN AND COKE OVEN GAS | T10: MINERAL COAL COKE | U10: URANIUM IN UO2 | V10: ELECTRICITY | W10: CHARCOAL | X10: ETHANOL (ANHYDROUS & HYDRATED) | Y10: OTHER SECONDARY PETROLEUM | Z10: NON-ENERGETIC PETROLEUM PRODUCTS | AA10: TAR
A11: PRODUCTION | B11: 150.386 | C11: 48.462 | D11: 2.64 | E11: 0 | F11: 343 | G11: 31.202 | H11: 27.407 | I11: 49.425 | J11: 28.437 | K11: 338.302 | L11: 0 | M11: 0 | N11: 0 | O11: 0 | P11: 0 | Q11: 0 | R11: 0 | S11: 0 | T11: 0 | U11: 0 | V11: 0 | W11: 0 | X11: 0 | Y11: 0 | Z11: 0 | AA11: 0
A12: IMPORT | B12: 7.247 | C12: 14.833 | D12: 5.372 | E12: 7.893 | F12: 4.723 | G12: 0 | H12: 0 | I12: 0 | J12: 0 | K12: 40.069 | L12: 0 | M12: 12.242 | N12: 595 | O12: 2.121 | P12: 2.454 | Q12: 6.052 | R12: 307 | S12: 0 | T12: 1.153 | U12: 3.129 | V12: 1.991 | W12: 0 | X12: 231 | Y12: 2.898 | Z12: 1.711 | AA12: 0
A13: STOCK VARIATION | B13: -308 | C13: 176 | D13: 42 | E13: 59 | F13: -787 | G13: 0 | H13: 0 | I13: 0 | J13: 0 | K13: -818 | L13: -14 | M13: -7 | N13: -442 | O13: -201 | P13: -64 | Q13: 108 | R13: -54 | S13: 0 | T13: -214 | U13: -3.507 | V13: 0 | W13: 0 | X13: 755 | Y13: -25 | Z13: -8 | AA13: 0
A14: TOTAL SUPPLY | B14: 157.325 | C14: 63.471 | D14: 8.054 | E14: 7.953 | F14: 4.279 | G14: 31.202 | H14: 27.407 | I14: 49.425 | J14: 28.437 | K14: 377.553 | L14: -14 | M14: 12.235 | N14: 153 | O14: 1.921 | P14: 2.391 | Q14: 6.16 | R14: 254 | S14: 0 | T14: 939 | U14: -378 | V14: 1.991 | W14: 0 | X14: 986 | Y14: 2.873 | Z14: 1.703 | AA14: 0
A15: EXPORT | B15: -64.722 | C15: 0 | D15: 0 | E15: 0 | F15: 0 | G15: 0 | H15: 0 | I15: 0 | J15: 0 | K15: -64.722 | L15: 0 | M15: -501 | N15: -12.238 | O15: -1.382 | P15: 0 | Q15: -231 | R15: -1.089 | S15: 0 | T15: 0 | U15: 0 | V15: -4 | W15: 0 | X15: -967 | Y15: -841 | Z15: -385 | AA15: 0
A16: UNUSED | B16: 0 | C16: -1.221 | D16: 0 | E16: 0 | F16: 0 | G16: 0 | H16: 0 | I16: 0 | J16: 0 | K16: -1.221 | L16: 0 | M16: 0 | N16: 0 | O16: 0 | P16: 0 | Q16: 0 | R16: 0 | S16: 0 | T16: 0 | U16: 0 | V16: 0 | W16: 0 | X16: 0 | Y16: 0 | Z16: 0 | AA16: 0
A17: REINJECTION | B17: 0 | C17: -22.025 | D17: 0 | E17: 0 | F17: 0 | G17: 0 | H17: 0 | I17: 0 | J17: 0 | K17: -22.025 | L17: 0 | M17: 0 | N17: 0 | O17: 0 | P17: 0 | Q17: 0 | R17: 0 | S17: 0 | T17: 0 | U17: 0 | V17: 0 | W17: 0 | X17: 0 | Y17: 0 | Z17: 0 | AA17: 0
A19: 2020 | B19: 10^3 toe
A20: ACCOUNT | B20: OIL | C20: NATURAL GAS | D20: STEAM COAL | E20: METALLURGICAL COAL | F20: URANIUM U3O8 | G20: HYDROPOWER | H20: FIREWOOD | I20: SUGARCANE PRODUCTS | J20: OTHER PRIMARY SOURCES | K20: TOTAL PRIMARY ENERGY | L20: BIODIESEL | M20: DIESEL OIL | N20: FUEL OIL | O20: GASOLINE | P20: LPG | Q20: NAPHTHA | R20: KEROSENE | S20: TOWN AND COKE OVEN GAS | T20: COAL COKE | U20: URANIUM IN UO₂ | V20: ELECTRICITY | W20: CHARCOAL | X20: ETHANOL (ANHYDROUS + HYDRATED) | Y20: OTHER SECONDARY PETROLEUM | Z20: NON-ENERGY PETROLEUM PRODUCTS | AA20: TAR
A21: PRODUCTION | B21: 152635 | C21: 46299 | D21: 2085 | E21: 0 | F21: 206 | G21: 34089 | H21: 26457 | I21: 55597 | J21: 25171 | K21: 342538 | L21: 0 | M21: 0 | N21: 0 | O21: 0 | P21: 0 | Q21: 0 | R21: 0 | S21: 0 | T21: 0 | U21: 0 | V21: 0 | W21: 0 | X21: 0 | Y21: 0 | Z21: 0 | AA21: 0
A22: IMPORTS | B22: 8684 | C22: 8458 | D22: 3897 | E22: 6815 | F22: 4699 | G22: 0 | H22: 0 | I22: 0 | J22: 0 | K22: 32553 | L22: 0 | M22: 10171 | N22: 37 | O22: 3805 | P22: 2235 | Q22: 2932 | R22: 269 | S22: 0 | T22: 937 | U22: 2594 | V22: 2160 | W22: 0 | X22: 511 | Y22: 2057 | Z22: 1236 | AA22: 0
A23: STOCK VARIATION | B23: 765 | C23: 0 | D23: 72 | E23: 59 | F23: -858 | G23: 0 | H23: 0 | I23: 0 | J23: 0 | K23: 39 | L23: -14 | M23: 40 | N23: -65 | O23: 63 | P23: 15 | Q23: -52 | R23: 31 | S23: 0 | T23: 90 | U23: -2914 | V23: 0 | W23: 0 | X23: -113 | Y23: -51 | Z23: -18 | AA23: 0
A24: TOTAL SUPPLY | B24: 162085 | C24: 54757 | D24: 6055 | E24: 6874 | F24: 4047 | G24: 34089 | H24: 26457 | I24: 55597 | J24: 25171 | K24: 375131 | L24: -14 | M24: 10212 | N24: -28 | O24: 3868 | P24: 2249 | Q24: 2880 | R24: 299 | S24: 0 | T24: 1027 | U24: -320 | V24: 2160 | W24: 0 | X24: 398 | Y24: 2006 | Z24: 1217 | AA24: 0
A25: EXPORTS | B25: -70885 | C25: 0 | D25: 0 | E25: 0 | F25: 0 | G25: 0 | H25: 0 | I25: 0 | J25: 0 | K25: -70885 | L25: 0 | M25: -806 | N25: -13884 | O25: -1824 | P25: 0 | Q25: -59 | R25: -1135 | S25: 0 | T25: 0 | U25: 0 | V25: -34 | W25: 0 | X25: -1063 | Y25: -567 | Z25: -382 | AA25: 0
A26: NOT USED | B26: 0 | C26: -1224 | D26: 0 | E26: 0 | F26: 0 | G26: 0 | H26: 0 | I26: 0 | J26: 0 | K26: -1224 | L26: 0 | M26: 0 | N26: 0 | O26: 0 | P26: 0 | Q26: 0 | R26: 0 | S26: 0 | T26: 0 | U26: 0 | V26: 0 | W26: 0 | X26: 0 | Y26: 0 | Z26: 0 | AA26: 0
A27: REINJECTION | B27: 0 | C27: -19708 | D27: 0 | E27: 0 | F27: 0 | G27: 0 | H27: 0 | I27: 0 | J27: 0 | K27: -19708 | L27: 0 | M27: 0 | N27: 0 | O27: 0 | P27: 0 | Q27: 0 | R27: 0 | S27: 0 | T27: 0 | U27: 0 | V27: 0 | W27: 0 | X27: 0 | Y27: 0 | Z27: 0 | AA27: 0
A29: 2019 | B29: 10^3 toe
A30: ACCOUNT | B30: OIL | C30: NATURAL GAS | D30: STEAM COAL | E30: METALLURGICAL COAL | F30: URANIUM U3O8 | G30: HYDROPOWER | H30: FIREWOOD | I30: SUGARCANE PRODUCTS | J30: OTHER PRIMARY SOURCES | K30: TOTAL PRIMARY ENERGY | L30: BIODIESEL | M30: DIESEL OIL | N30: FUEL OIL | O30: GASOLINE | P30: LPG | Q30: NAPHTHA | R30: KEROSENE | S30: TOWN & COKE OVEN GAS | T30: COAL COKE | U30: URANIUM IN UO₂ | V30: ELECTRICITY | W30: CHARCOAL | X30: ETHANOL (ANHYDROUS + HYDRATED) | Y30: OTHER PETROLEUM SECONDARIES | Z30: NON-ENERGY PETROLEUM PRODUCTS | AA30: TAR
A31: PRODUCTION | B31: 144303 | C31: 44398 | D31: 2162 | E31: 0 | F31: 0 | G31: 34217 | H31: 26411 | I31: 52861 | J31: 23320 | K31: 327672 | L31: 0 | M31: 0 | N31: 0 | O31: 0 | P31: 0 | Q31: 0 | R31: 0 | S31: 0 | T31: 0 | U31: 0 | V31: 0 | W31: 0 | X31: 0 | Y31: 0 | Z31: 0 | AA31: 0
A32: IMPORTS | B32: 8885 | C32: 8628 | D32: 4901 | E32: 7536 | F32: 3073 | G32: 0 | H32: 0 | I32: 0 | J32: 0 | K32: 33023 | L32: 0 | M32: 11031 | N32: 54 | O32: 3763 | P32: 2172 | Q32: 6611 | R32: 853 | S32: 0 | T32: 902 | U32: 3269 | V32: 2163 | W32: 0 | X32: 767 | Y32: 2135 | Z32: 1142 | AA32: 0
A33: STOCK VARIATION | B33: -1718 | C33: 0 | D33: -4 | E33: -30 | F33: 2510 | G33: 0 | H33: 0 | I33: 0 | J33: 0 | K33: 758 | L33: -14 | M33: -176 | N33: -35 | O33: -275 | P33: 19 | Q33: 18 | R33: -84 | S33: 0 | T33: -32 | U33: -4560 | V33: 0 | W33: 0 | X33: 230 | Y33: -27 | Z33: 40 | AA33: 0
A34: TOTAL SUPPLY | B34: 151470 | C34: 53026 | D34: 7059 | E34: 7506 | F34: 5583 | G34: 34217 | H34: 26411 | I34: 52861 | J34: 23320 | K34: 361454 | L34: -14 | M34: 10854 | N34: 19 | O34: 3488 | P34: 2192 | Q34: 6629 | R34: 769 | S34: 0 | T34: 869 | U34: -1291 | V34: 2163 | W34: 0 | X34: 997 | Y34: 2108 | Z34: 1182 | AA34: 0
A35: EXPORTS | B35: -63508 | C35: 0 | D35: 0 | E35: 0 | F35: 0 | G35: 0 | H35: 0 | I35: 0 | J35: 0 | K35: -63508 | L35: 0 | M35: -509 | N35: -8836 | O35: -1551 | P35: 0 | Q35: 0 | R35: -2439 | S35: 0 | T35: 0 | U35: 0 | V35: -17 | W35: 0 | X35: -1018 | Y35: -583 | Z35: -388 | AA35: 0
A36: NOT USED | B36: 0 | C36: -1546 | D36: 0 | E36: 0 | F36: 0 | G36: 0 | H36: 0 | I36: 0 | J36: 0 | K36: -1546 | L36: 0 | M36: 0 | N36: 0 | O36: 0 | P36: 0 | Q36: 0 | R36: 0 | S36: 0 | T36: 0 | U36: 0 | V36: 0 | W36: 0 | X36: 0 | Y36: 0 | Z36: 0 | AA36: 0
A37: REINJECTION | B37: 0 | C37: -15571 | D37: 0 | E37: 0 | F37: 0 | G37: 0 | H37: 0 | I37: 0 | J37: 0 | K37: -15571 | L37: 0 | M37: 0 | N37: 0 | O37: 0 | P37: 0 | Q37: 0 | R37: 0 | S37: 0 | T37: 0 | U37: 0 | V37: 0 | W37: 0 | X37: 0 | Y37: 0 | Z37: 0 | AA37: 0
A39: 2018 | B39: 10^3 toe
A40: ACCOUNT | B40: OIL | C40: NATURAL GAS | D40: STEAM COAL | E40: METALLURGICAL COAL | F40: URANIUM U3O8 | G40: HYDROPOWER | H40: FIREWOOD | I40: SUGARCANE PRODUCTS | J40: OTHER PRIMARY SOURCES | K40: TOTAL PRIMARY ENERGY | L40: BIODIESEL | M40: DIESEL OIL | N40: FUEL OIL | O40: GASOLINE | P40: LPG | Q40: NAPHTHA | R40: KEROSENE | S40: TOWN/COKE OVEN GAS | T40: COAL COKE | U40: URANIUM IN UO₂ | V40: ELECTRICITY | W40: CHARCOAL | X40: ETHANOL (ANHYDROUS & HYDRATED) | Y40: OTHER SECONDARY PETROLEUM | Z40: NON-ENERGY PETROLEUM PRODUCTS | AA40: TAR
A41: PRODUCTION | B41: 134067 | C41: 40560 | D41: 1930 | E41: 0 | F41: 0 | G41: 33452 | H41: 26250 | I41: 50895 | J41: 22442 | K41: 309595 | L41: 0 | M41: 0 | N41: 0 | O41: 0 | P41: 0 | Q41: 0 | R41: 0 | S41: 0 | T41: 0 | U41: 0 | V41: 0 | W41: 0 | X41: 0 | Y41: 0 | Z41: 0 | AA41: 0
A42: IMPORTS | B42: 9627 | C42: 9324 | D42: 5603 | E42: 8205 | F42: 5116 | G42: 0 | H42: 0 | I42: 0 | J42: 0 | K42: 37876 | L42: 0 | M42: 9879 | N42: 305 | O42: 2493 | P42: 2130 | Q42: 6102 | R42: 737 | S42: 0 | T42: 1269 | U42: 1150 | V42: 3008 | W42: 0 | X42: 947 | Y42: 2198 | Z42: 1243 | AA42: 0
A43: STOCK VARIATION | B43: -154 | C43: 0 | D43: -259 | E43: 37 | F43: 482 | G43: 0 | H43: 0 | I43: 0 | J43: 0 | K43: 106 | L43: 25 | M43: 124 | N43: 215 | O43: 149 | P43: -95 | Q43: -160 | R43: 205 | S43: 0 | T43: -364 | U43: -2574 | V43: 0 | W43: 0 | X43: -868 | Y43: -19 | Z43: -35 | AA43: 0
A44: TOTAL SUPPLY | B44: 143541 | C44: 49884 | D44: 7274 | E44: 8242 | F44: 5598 | G44: 33452 | H44: 26250 | I44: 50895 | J44: 22442 | K44: 347577 | L44: 25 | M44: 10003 | N44: 520 | O44: 2642 | P44: 2036 | Q44: 5942 | R44: 942 | S44: 0 | T44: 905 | U44: -1424 | V44: 3008 | W44: 0 | X44: 79 | Y44: 2179 | Z44: 1208 | AA44: 0
A45: EXPORTS | B45: -55727 | C45: 0 | D45: 0 | E45: 0 | F45: 0 | G45: 0 | H45: 0 | I45: 0 | J45: 0 | K45: -55727 | L45: 0 | M45: -1212 | N45: -7758 | O45: -1073 | P45: -1 | Q45: 0 | R45: -2796 | S45: 0 | T45: 0 | U45: 0 | V45: 0 | W45: 0 | X45: -883 | Y45: -554 | Z45: -487 | AA45: 0
A46: NOT USED | B46: 0 | C46: -1341 | D46: 0 | E46: 0 | F46: 0 | G46: 0 | H46: 0 | I46: 0 | J46: 0 | K46: -1341 | L46: 0 | M46: 0 | N46: 0 | O46: 0 | P46: 0 | Q46: 0 | R46: 0 | S46: 0 | T46: 0 | U46: 0 | V46: 0 | W46: 0 | X46: 0 | Y46: 0 | Z46: 0 | AA46: 0
A47: REINJECTION | B47: 0 | C47: -12638 | D47: 0 | E47: 0 | F47: 0 | G47: 0 | H47: 0 | I47: 0 | J47: 0 | K47: -12638 | L47: 0 | M47: 0 | N47: 0 | O47: 0 | P47: 0 | Q47: 0 | R47: 0 | S47: 0 | T47: 0 | U47: 0 | V47: 0 | W47: 0 | X47: 0 | Y47: 0 | Z47: 0 | AA47: 0
A49: 2017 | B49: 10^3 toe
A50: ACCOUNT | B50: OIL | C50: NATURAL GAS | D50: STEAM COAL | E50: METALLURGICAL COAL | F50: URANIUM U3O8 | G50: HYDROPOWER | H50: FIREWOOD | I50: SUGARCANE PRODUCTS | J50: OTHER PRIMARY SOURCES | K50: TOTAL PRIMARY ENERGY | L50: BIODIESEL | M50: DIESEL OIL | N50: FUEL OIL | O50: GASOLINE | P50: LPG | Q50: NAPHTHA | R50: KEROSENE | S50: TOWN/COKE OVEN GAS | T50: COAL COKE | U50: URANIUM IN UO₂ | V50: ELECTRICITY | W50: CHARCOAL | X50: ETHANOL (ANHYDROUS & HYDRATED) | Y50: OTHER PETROLEUM SECONDARIES | Z50: NON-ENERGY PETROLEUM PRODUCTS | AA50: TAR
A51: PRODUCTION | B51: 135907 | C51: 39810 | D51: 1931 | E51: 0 | F51: 0 | G51: 31898 | H51: 24864 | I51: 49725 | J51: 20044 | K51: 304177 | L51: 0 | M51: 0 | N51: 0 | O51: 0 | P51: 0 | Q51: 0 | R51: 0 | S51: 0 | T51: 0 | U51: 0 | V51: 0 | W51: 0 | X51: 0 | Y51: 0 | Z51: 0 | AA51: 0
A52: IMPORTS | B52: 7491 | C52: 9434 | D52: 5453 | E52: 8580 | F52: 5206 | G52: 0 | H52: 0 | I52: 0 | J52: 0 | K52: 36164 | L52: 0 | M52: 10986 | N52: 72 | O52: 3456 | P52: 2012 | Q52: 8160 | R52: 473 | S52: 0 | T52: 1061 | U52: 3063 | V52: 3140 | W52: 0 | X52: 975 | Y52: 1738 | Z52: 1136 | AA52: 0
A53: STOCK VARIATION | B53: 225 | C53: 0 | D53: 65 | E53: -222 | F53: 518 | G53: 0 | H53: 0 | I53: 0 | J53: 0 | K53: 586 | L53: -33 | M53: -59 | N53: -64 | O53: -52 | P53: -67 | Q53: 41 | R53: -63 | S53: 0 | T53: -78 | U53: -4593 | V53: 0 | W53: 0 | X53: -213 | Y53: 4 | Z53: -11 | AA53: 0
A54: TOTAL SUPPLY | B54: 143622 | C54: 49243 | D54: 7449 | E54: 8358 | F54: 5724 | G54: 31898 | H54: 24864 | I54: 49725 | J54: 20044 | K54: 340927 | L54: -33 | M54: 10927 | N54: 8 | O54: 3405 | P54: 1945 | Q54: 8201 | R54: 411 | S54: 0 | T54: 983 | U54: -1531 | V54: 3140 | W54: 0 | X54: 762 | Y54: 1743 | Z54: 1125 | AA54: 0
A55: EXPORTS | B55: -53882 | C55: 0 | D55: 0 | E55: 0 | F55: 0 | G55: 0 | H55: 0 | I55: 0 | J55: 0 | K55: -53882 | L55: 0 | M55: -582 | N55: -6983 | O55: -368 | P55: -1 | Q55: 0 | R55: -2234 | S55: 0 | T55: 0 | U55: 0 | V55: -13 | W55: 0 | X55: -728 | Y55: -578 | Z55: -682 | AA55: 0
A56: NOT USED | B56: 0 | C56: -1346 | D56: 0 | E56: 0 | F56: 0 | G56: 0 | H56: 0 | I56: 0 | J56: 0 | K56: -1346 | L56: 0 | M56: 0 | N56: 0 | O56: 0 | P56: 0 | Q56: 0 | R56: 0 | S56: 0 | T56: 0 | U56: 0 | V56: 0 | W56: 0 | X56: 0 | Y56: 0 | Z56: 0 | AA56: 0
A57: REINJECTION | B57: 0 | C57: -9959 | D57: 0 | E57: 0 | F57: 0 | G57: 0 | H57: 0 | I57: 0 | J57: 0 | K57: -9959 | L57: 0 | M57: 0 | N57: 0 | O57: 0 | P57: 0 | Q57: 0 | R57: 0 | S57: 0 | T57: 0 | U57: 0 | V57: 0 | W57: 0 | X57: 0 | Y57: 0 | Z57: 0 | AA57: 0
A59: 2016 | B59: 10^3 toe
A60: ACCOUNT | B60: OIL | C60: NATURAL GAS | D60: STEAM COAL | E60: METALLURGICAL COAL | F60: URANIUM U3O8 | G60: HYDROPOWER | H60: FIREWOOD | I60: SUGARCANE PRODUCTS | J60: OTHER PRIMARY SOURCES | K60: TOTAL PRIMARY ENERGY | L60: BIODIESEL | M60: DIESEL OIL | N60: FUEL OIL | O60: GASOLINE | P60: LPG | Q60: NAPHTHA | R60: KEROSENE | S60: TOWN/COKE OVEN GAS | T60: COAL COKE | U60: URANIUM IN UO₂ | V60: ELECTRICITY | W60: CHARCOAL | X60: ETHANOL (ANHYDROUS & HYDRATED) | Y60: OTHER PETROLEUM SECONDARIES | Z60: NON-ENERGY PETROLEUM PRODUCTS | AA60: TAR
A61: PRODUCTION | B61: 130373 | C61: 37610 | D61: 2636 | E61: 0 | F61: 0 | G61: 32758 | H61: 23502 | I61: 50658 | J61: 18324 | K61: 295862 | L61: 0 | M61: 0 | N61: 0 | O61: 0 | P61: 0 | Q61: 0 | R61: 0 | S61: 0 | T61: 0 | U61: 0 | V61: 0 | W61: 0 | X61: 0 | Y61: 0 | Z61: 0 | AA61: 0
A62: IMPORTS | B62: 8009 | C62: 10320 | D62: 4992 | E62: 7917 | F62: 4173 | G62: 0 | H62: 0 | I62: 0 | J62: 0 | K62: 35411 | L62: 0 | M62: 7182 | N62: 62 | O62: 2934 | P62: 2111 | Q62: 6630 | R62: 786 | S62: 0 | T62: 764 | U62: 2180 | V62: 3553 | W62: 0 | X62: 434 | Y62: 1605 | Z62: 1042 | AA62: 0
A63: STOCK VARIATION | B63: -501 | C63: 0 | D63: -150 | E63: -222 | F63: 648 | G63: 0 | H63: 0 | I63: 0 | J63: 0 | K63: -226 | L63: -1 | M63: -212 | N63: -2 | O63: -29 | P63: 46 | Q63: 96 | R63: 50 | S63: 0 | T63: -20 | U63: -2790 | V63: 0 | W63: 0 | X63: 160 | Y63: -7 | Z63: 64 | AA63: 0
A64: TOTAL SUPPLY | B64: 137881 | C64: 47931 | D64: 7478 | E64: 7695 | F64: 4821 | G64: 32758 | H64: 23502 | I64: 50658 | J64: 18324 | K64: 331047 | L64: -1 | M64: 6970 | N64: 61 | O64: 2904 | P64: 2157 | Q64: 6727 | R64: 835 | S64: 0 | T64: 744 | U64: -609 | V64: 3553 | W64: 0 | X64: 595 | Y64: 1598 | Z64: 1106 | AA64: 0
A65: EXPORTS | B65: -43812 | C65: 0 | D65: 0 | E65: 0 | F65: 0 | G65: 0 | H65: 0 | I65: 0 | J65: 0 | K65: -43812 | L65: 0 | M65: -706 | N65: -6699 | O65: -561 | P65: 0 | Q65: 0 | R65: -2281 | S65: 0 | T65: 0 | U65: 0 | V65: -45 | W65: 0 | X65: -935 | Y65: -406 | Z65: -604 | AA65: 0
A66: NOT USED | B66: 0 | C66: -1459 | D66: 0 | E66: 0 | F66: 0 | G66: 0 | H66: 0 | I66: 0 | J66: 0 | K66: -1459 | L66: 0 | M66: 0 | N66: 0 | O66: 0 | P66: 0 | Q66: 0 | R66: 0 | S66: 0 | T66: 0 | U66: 0 | V66: 0 | W66: 0 | X66: 0 | Y66: 0 | Z66: 0 | AA66: 0
A67: REINJECTION | B67: 0 | C67: -10903 | D67: 0 | E67: 0 | F67: 0 | G67: 0 | H67: 0 | I67: 0 | J67: 0 | K67: -10903 | L67: 0 | M67: 0 | N67: 0 | O67: 0 | P67: 0 | Q67: 0 | R67: 0 | S67: 0 | T67: 0 | U67: 0 | V67: 0 | W67: 0 | X67: 0 | Y67: 0 | Z67: 0 | AA67: 0
A69: 2015 | B69: 10^3 toe
A70: ACCOUNT | B70: OIL | C70: NATURAL GAS | D70: STEAM COAL | E70: METALLURGICAL COAL | F70: URANIUM U3O8 | G70: HYDROPOWER | H70: FIREWOOD | I70: SUGARCANE PRODUCTS | J70: OTHER PRIMARY SOURCES | K70: TOTAL PRIMARY ENERGY | L70: BIODIESEL | M70: DIESEL OIL | N70: FUEL OIL | O70: GASOLINE | P70: LPG | Q70: NAPHTHA | R70: KEROSENE | S70: TOWN/COKE OVEN GAS | T70: COAL COKE | U70: URANIUM IN UO₂ | V70: ELECTRICITY | W70: CHARCOAL | X70: ETHANOL (ANHYDROUS & HYDRATED) | Y70: OTHER PETROLEUM SECONDARIES | Z70: NON-ENERGY PETROLEUM PRODUCTS | AA70: TAR
A71: PRODUCTION | B71: 126127 | C71: 34871 | D71: 2459 | E71: 0 | F71: 512 | G71: 30938 | H71: 25075 | I71: 50400 | J71: 16743 | K71: 287126 | L71: 0 | M71: 0 | N71: 0 | O71: 0 | P71: 0 | Q71: 0 | R71: 0 | S71: 0 | T71: 0 | U71: 0 | V71: 0 | W71: 0 | X71: 0 | Y71: 0 | Z71: 0 | AA71: 0
A72: IMPORTS | B72: 15377 | C72: 16198 | D72: 5638 | E72: 7625 | F72: 2159 | G72: 0 | H72: 0 | I72: 0 | J72: 0 | K72: 46997 | L72: 0 | M72: 5885 | N72: 339 | O72: 2260 | P72: 1950 | Q72: 6172 | R72: 1129 | S72: 0 | T72: 1584 | U72: 2729 | V72: 2979 | W72: 0 | X72: 432 | Y72: 2350 | Z72: 1160 | AA72: 0
A73: STOCK VARIATION | B73: -1165 | C73: 0 | D73: 221 | E73: 56 | F73: -1701 | G73: 0 | H73: 0 | I73: 0 | J73: 0 | K73: -2590 | L73: 8 | M73: 313 | N73: -28 | O73: -3 | P73: -2 | Q73: 66 | R73: 26 | S73: 0 | T73: 44 | U73: 155 | V73: 0 | W73: 0 | X73: 899 | Y73: -22 | Z73: 34 | AA73: 0
A74: TOTAL SUPPLY | B74: 140339 | C74: 51069 | D74: 8317 | E74: 7681 | F74: 971 | G74: 30938 | H74: 25075 | I74: 50400 | J74: 16743 | K74: 331533 | L74: 8 | M74: 6199 | N74: 312 | O74: 2257 | P74: 1948 | Q74: 6238 | R74: 1155 | S74: 0 | T74: 1627 | U74: 2885 | V74: 2979 | W74: 0 | X74: 1331 | Y74: 2327 | Z74: 1194 | AA74: 0
A75: EXPORTS | B75: -38050 | C75: 0 | D75: 0 | E75: 0 | F75: 0 | G75: 0 | H75: 0 | I75: 0 | J75: 0 | K75: -38050 | L75: 0 | M75: -651 | N75: -7722 | O75: -474 | P75: -17 | Q75: 0 | R75: -2440 | S75: 0 | T75: 0 | U75: 0 | V75: -19 | W75: 0 | X75: -1108 | Y75: -385 | Z75: -627 | AA75: 0
A76: NOT USED | B76: 0 | C76: -1377 | D76: 0 | E76: 0 | F76: 0 | G76: 0 | H76: 0 | I76: 0 | J76: 0 | K76: -1377 | L76: 0 | M76: 0 | N76: 0 | O76: 0 | P76: 0 | Q76: 0 | R76: 0 | S76: 0 | T76: 0 | U76: 0 | V76: 0 | W76: 0 | X76: 0 | Y76: 0 | Z76: 0 | AA76: 0
A77: REINJECTION | B77: 0 | C77: -8722 | D77: 0 | E77: 0 | F77: 0 | G77: 0 | H77: 0 | I77: 0 | J77: 0 | K77: -8722 | L77: 0 | M77: 0 | N77: 0 | O77: 0 | P77: 0 | Q77: 0 | R77: 0 | S77: 0 | T77: 0 | U77: 0 | V77: 0 | W77: 0 | X77: 0 | Y77: 0 | Z77: 0 | AA77: 0
A81: Conversion
A82: 10^3 tep to BTU | B82: =1000*39683205.411201 -> 3.9683205e+10

Sheet BFPIaE
A1: Fuel Production (BTU) | B1: 2015 | C1: 2016 | D1: 2017 | E1: 2018 | F1: 2019 | G1: 2020 | H1: 2021 | I1: 2022 | J1: 2023 | K1: 2024 | L1: 2025 | M1: 2026 | N1: 2027 | O1: 2028 | P1: 2029 | Q1: 2030 | R1: 2031 | S1: 2032 | T1: 2033 | U1: 2034 | V1: 2035 | W1: 2036 | X1: 2037 | Y1: 2038 | Z1: 2039 | AA1: 2040 | AB1: 2041 | AC1: 2042 | AD1: 2043 | AE1: 2044 | AF1: 2045 | AG1: 2046 | AH1: 2047 | AI1: 2048 | AJ1: 2049 | AK1: 2050
A2: electricity (not used in this variable) | B2: 0 | C2: 0 | D2: 0 | E2: 0 | F2: 0 | G2: 0 | H2: =G2 -> 0 | I2: 0 | J2: 0 | K2: 0 | L2: 0 | M2: 0 | N2: 0 | O2: 0 | P2: 0 | Q2: 0 | R2: 0 | S2: 0 | T2: 0 | U2: 0 | V2: 0 | W2: 0 | X2: 0 | Y2: 0 | Z2: 0 | AA2: 0 | AB2: 0 | AC2: 0 | AD2: 0 | AE2: 0 | AF2: 0 | AG2: 0 | AH2: 0 | AI2: 0 | AJ2: 0 | AK2: 0
A3: hard coal | B3: ='Brazil Energy Balance'!$D$71*'Brazil Energy Balance'!$B$82 + 'Brazil Energy Balance'!$T$71*'Brazil Energy Balance'!$B$82 -> 9.7581002e+13 | C3: ='Brazil Energy Balance'!D61*'Brazil Energy Balance'!B82 + 'Brazil Energy Balance'!T61*'Brazil Energy Balance'!B82 -> 1.0460493e+14 | D3: ='Brazil Energy Balance'!D51*'Brazil Energy Balance'!B82 + 'Brazil Energy Balance'!T51*'Brazil Energy Balance'!B82 -> 7.662827e+13 | E3: ='Brazil Energy Balance'!D41*'Brazil Energy Balance'!B82 + 'Brazil Energy Balance'!T41*'Brazil Energy Balance'!B82 -> 7.6588586e+13 | F3: ='Brazil Energy Balance'!D31*'Brazil Energy Balance'!B82 + 'Brazil Energy Balance'!T31*'Brazil Energy Balance'!B82 -> 8.579509e+13 | G3: ='Brazil Energy Balance'!D21*'Brazil Energy Balance'!B82 + 'Brazil Energy Balance'!T21*'Brazil Energy Balance'!B82 -> 8.2739483e+13 | H3: =G3 -> 8.2739483e+13 | I3: ='Brazil Energy Balance'!D3*'Brazil Energy Balance'!B82 + 'Brazil Energy Balance'!T3*'Brazil Energy Balance'!B82 -> 9.1707888e+13 | J3: =_xlfn.FORECAST.LINEAR(J$1,$B3:$I3,$B$1:$I$1) -> 80714222549047 | K3: =_xlfn.FORECAST.LINEAR(K$1,$B3:$I3,$B$1:$I$1) -> 79251140559065 | L3: =_xlfn.FORECAST.LINEAR(L$1,$B3:$I3,$B$1:$I$1) -> 77788058569083 | M3: =_xlfn.FORECAST.LINEAR(M$1,$B3:$I3,$B$1:$I$1) -> 76324976579101 | N3: =_xlfn.FORECAST.LINEAR(N$1,$B3:$I3,$B$1:$I$1) -> 74861894589119 | O3: =_xlfn.FORECAST.LINEAR(O$1,$B3:$I3,$B$1:$I$1) -> 73398812599137 | P3: =_xlfn.FORECAST.LINEAR(P$1,$B3:$I3,$B$1:$I$1) -> 71935730609155 | Q3: =_xlfn.FORECAST.LINEAR(Q$1,$B3:$I3,$B$1:$I$1) -> 70472648619173 | ... AK3: =_xlfn.FORECAST.LINEAR(AK$1,$B3:$I3,$B$1:$I$1) -> 4.1211009e+13
A4: natural gas | B4: ='Brazil Energy Balance'!C71*'Brazil Energy Balance'!B82 -> 1.3837931e+15 | C4: ='Brazil Energy Balance'!C61*'Brazil Energy Balance'!B82 -> 1.4924854e+15 | D4: ='Brazil Energy Balance'!C51*'Brazil Energy Balance'!B82 -> 1.5797884e+15 | E4: ='Brazil Energy Balance'!C41*'Brazil Energy Balance'!B82 -> 1.6095508e+15 | F4: ='Brazil Energy Balance'!C31*'Brazil Energy Balance'!B82 -> 1.761855e+15 | G4: ='Brazil Energy Balance'!C21*'Brazil Energy Balance'!B82 -> 1.8372927e+15 | H4: =G4 -> 1.8372927e+15 | I4: ='Brazil Energy Balance'!C3*'Brazil Energy Balance'!B82 -> 1.9830095e+15 | J4: =_xlfn.FORECAST.LINEAR(J$1,$B4:$I4,$B$1:$I$1) -> 2.0522425e+15 | K4: =_xlfn.FORECAST.LINEAR(K$1,$B4:$I4,$B$1:$I$1) -> 2.1337112e+15 | L4: =_xlfn.FORECAST.LINEAR(L$1,$B4:$I4,$B$1:$I$1) -> 2.2151798e+15 | M4: =_xlfn.FORECAST.LINEAR(M$1,$B4:$I4,$B$1:$I$1) -> 2.2966485e+15 | N4: =_xlfn.FORECAST.LINEAR(N$1,$B4:$I4,$B$1:$I$1) -> 2.3781172e+15 | O4: =_xlfn.FORECAST.LINEAR(O$1,$B4:$I4,$B$1:$I$1) -> 2.4595859e+15 | P4: =_xlfn.FORECAST.LINEAR(P$1,$B4:$I4,$B$1:$I$1) -> 2.5410545e+15 | Q4: =_xlfn.FORECAST.LINEAR(Q$1,$B4:$I4,$B$1:$I$1) -> 2.6225232e+15 | ... AK4: =_xlfn.FORECAST.LINEAR(AK$1,$B4:$I4,$B$1:$I$1) -> 4.2518967e+15
A5: nuclear | B5: ='Brazil Energy Balance'!F71*'Brazil Energy Balance'!B82 + 'Brazil Energy Balance'!U71*'Brazil Energy Balance'!B82 -> 2.0317801e+13 | C5: ='Brazil Energy Balance'!F61*'Brazil Energy Balance'!B82 + 'Brazil Energy Balance'!U61*'Brazil Energy Balance'!B82 -> 0 | D5: ='Brazil Energy Balance'!F51*'Brazil Energy Balance'!B82 + 'Brazil Energy Balance'!U51*'Brazil Energy Balance'!B82 -> 0 | E5: ='Brazil Energy Balance'!F41*'Brazil Energy Balance'!B82 + 'Brazil Energy Balance'!U41*'Brazil Energy Balance'!B82 -> 0 | F5: ='Brazil Energy Balance'!F31*'Brazil Energy Balance'!B82 + 'Brazil Energy Balance'!U31*'Brazil Energy Balance'!B82 -> 0 | G5: ='Brazil Energy Balance'!F21*'Brazil Energy Balance'!B82 + 'Brazil Energy Balance'!U21*'Brazil Energy Balance'!B82 -> 8.1747403e+12 | H5: =G5 -> 8.1747403e+12 | I5: =H5 -> 8.1747403e+12 | J5: =I5 -> 8.1747403e+12 | K5: =J5 -> 8.1747403e+12 | L5: =K5 -> 8.1747403e+12 | M5: =L5 -> 8.1747403e+12 | N5: =M5 -> 8.1747403e+12 | O5: =N5 -> 8.1747403e+12 | ... AK5: =AJ5 -> 8.1747403e+12
A6: hydro (is not a fuel) | B6: 0 | C6: 0 | D6: 0 | E6: 0 | F6: 0 | G6: 0 | H6: =G6 -> 0 | I6: 0 | J6: 0 | K6: 0 | L6: 0 | M6: 0 | N6: 0 | O6: 0 | P6: 0 | Q6: 0 | R6: 0 | S6: 0 | T6: 0 | U6: 0 | V6: 0 | W6: 0 | X6: 0 | Y6: 0 | Z6: 0 | AA6: 0 | AB6: 0 | AC6: 0 | AD6: 0 | AE6: 0 | AF6: 0 | AG6: 0 | AH6: 0 | AI6: 0 | AJ6: 0 | AK6: 0
A7: wind (is not a fuel) | B7: 0 | C7: 0 | D7: 0 | E7: 0 | F7: 0 | G7: 0 | H7: =G7 -> 0 | I7: 0 | J7: 0 | K7: 0 | L7: 0 | M7: 0 | N7: 0 | O7: 0 | P7: 0 | Q7: 0 | R7: 0 | S7: 0 | T7: 0 | U7: 0 | V7: 0 | W7: 0 | X7: 0 | Y7: 0 | Z7: 0 | AA7: 0 | AB7: 0 | AC7: 0 | AD7: 0 | AE7: 0 | AF7: 0 | AG7: 0 | AH7: 0 | AI7: 0 | AJ7: 0 | AK7: 0
A8: solar (is not a fuel) | B8: 0 | C8: 0 | D8: 0 | E8: 0 | F8: 0 | G8: 0 | H8: =G8 -> 0 | I8: 0 | J8: 0 | K8: 0 | L8: 0 | M8: 0 | N8: 0 | O8: 0 | P8: 0 | Q8: 0 | R8: 0 | S8: 0 | T8: 0 | U8: 0 | V8: 0 | W8: 0 | X8: 0 | Y8: 0 | Z8: 0 | AA8: 0 | AB8: 0 | AC8: 0 | AD8: 0 | AE8: 0 | AF8: 0 | AG8: 0 | AH8: 0 | AI8: 0 | AJ8: 0 | AK8: 0
A9: biomass | B9: ='Brazil Energy Balance'!H71*'Brazil Energy Balance'!B82 -> 9.9505638e+14 | C9: ='Brazil Energy Balance'!H61*'Brazil Energy Balance'!B82 -> 932634693574046 | D9: ='Brazil Energy Balance'!H51*'Brazil Energy Balance'!B82 -> 9.8668322e+14 | E9: ='Brazil Energy Balance'!H41*'Brazil Energy Balance'!B82 -> 1.0416841e+15 | F9: ='Brazil Energy Balance'!H31*'Brazil Energy Balance'!B82 -> 1.0480731e+15 | G9: ='Brazil Energy Balance'!H21*'Brazil Energy Balance'!B82 -> 1.0498986e+15 | H9: =G9 -> 1.0498986e+15 | I9: ='Brazil Energy Balance'!H3*'Brazil Energy Balance'!B82 -> 1.0826769e+15 | J9: =_xlfn.FORECAST.LINEAR(J$1,$B9:$I9,$B$1:$I$1) -> 1.0980952e+15 | K9: =_xlfn.FORECAST.LINEAR(K$1,$B9:$I9,$B$1:$I$1) -> 1.1147107e+15 | L9: =_xlfn.FORECAST.LINEAR(L$1,$B9:$I9,$B$1:$I$1) -> 1.1313261e+15 | M9: =_xlfn.FORECAST.LINEAR(M$1,$B9:$I9,$B$1:$I$1) -> 1.1479416e+15 | N9: =_xlfn.FORECAST.LINEAR(N$1,$B9:$I9,$B$1:$I$1) -> 1.164557e+15 | O9: =_xlfn.FORECAST.LINEAR(O$1,$B9:$I9,$B$1:$I$1) -> 1.1811725e+15 | P9: =_xlfn.FORECAST.LINEAR(P$1,$B9:$I9,$B$1:$I$1) -> 1.197788e+15 | Q9: =_xlfn.FORECAST.LINEAR(Q$1,$B9:$I9,$B$1:$I$1) -> 1.2144034e+15 | ... AK9: =_xlfn.FORECAST.LINEAR(AK$1,$B9:$I9,$B$1:$I$1) -> 1.5467125e+15
A10: petroleum gasoline | B10: ='Brazil Energy Balance'!O71*'Brazil Energy Balance'!B82 -> 0 | C10: ='Brazil Energy Balance'!O61*'Brazil Energy Balance'!B82 -> 0 | D10: ='Brazil Energy Balance'!O51*'Brazil Energy Balance'!B82 -> 0 | E10: ='Brazil Energy Balance'!O41*'Brazil Energy Balance'!B82 -> 0 | F10: ='Brazil Energy Balance'!O31*'Brazil Energy Balance'!B82 -> 0 | G10: ='Brazil Energy Balance'!O21*'Brazil Energy Balance'!B82 -> 0 | H10: =G10 -> 0 | I10: ='Brazil Energy Balance'!O3*'Brazil Energy Balance'!B82 -> 0 | J10: =I10 -> 0 | K10: =J10 -> 0 | L10: =K10 -> 0 | M10: =L10 -> 0 | N10: =M10 -> 0 | O10: =N10 -> 0 | P10: =O10 -> 0 | Q10: =P10 -> 0 | ... AK10: =AJ10 -> 0
A11: petroleum diesel | B11: ='Brazil Energy Balance'!M71*'Brazil Energy Balance'!B82 -> 0 | C11: ='Brazil Energy Balance'!M61*'Brazil Energy Balance'!B82 -> 0 | D11: ='Brazil Energy Balance'!M51*'Brazil Energy Balance'!B82 -> 0 | E11: ='Brazil Energy Balance'!M41*'Brazil Energy Balance'!B82 -> 0 | F11: ='Brazil Energy Balance'!M31*'Brazil Energy Balance'!B82 -> 0 | G11: ='Brazil Energy Balance'!M21*'Brazil Energy Balance'!B82 -> 0 | H11: =G11 -> 0 | I11: ='Brazil Energy Balance'!M3*'Brazil Energy Balance'!B82 -> 0 | J11: =I11 -> 0 | K11: =J11 -> 0 | L11: =K11 -> 0 | M11: =L11 -> 0 | N11: =M11 -> 0 | O11: =N11 -> 0 | P11: =O11 -> 0 | Q11: =P11 -> 0 | ... AK11: =AJ11 -> 0
A12: biofuel gasoline | B12: ='Brazil Energy Balance'!X71*'Brazil Energy Balance'!B82 -> 0 | C12: ='Brazil Energy Balance'!X61*'Brazil Energy Balance'!B82 -> 0 | D12: ='Brazil Energy Balance'!X51*'Brazil Energy Balance'!B82 -> 0 | E12: ='Brazil Energy Balance'!X41*'Brazil Energy Balance'!B82 -> 0 | F12: ='Brazil Energy Balance'!X31*'Brazil Energy Balance'!B82 -> 0 | G12: ='Brazil Energy Balance'!X21*'Brazil Energy Balance'!B82 -> 0 | H12: =G12 -> 0 | I12: ='Brazil Energy Balance'!X3*'Brazil Energy Balance'!B82 -> 0 | J12: =I12 -> 0 | K12: =J12 -> 0 | L12: =K12 -> 0 | M12: =L12 -> 0 | N12: =M12 -> 0 | O12: =N12 -> 0 | P12: =O12 -> 0 | Q12: =P12 -> 0 | ... AK12: =AJ12 -> 0
A13: biofuel diesel | B13: =0 -> 0 | C13: =0 -> 0 | D13: =0 -> 0 | E13: =0 -> 0 | F13: =0 -> 0 | G13: =0 -> 0 | H13: =G13 -> 0 | I13: =0 -> 0 | J13: =0 -> 0 | K13: =0 -> 0 | L13: =0 -> 0 | M13: =0 -> 0 | N13: =0 -> 0 | O13: =0 -> 0 | P13: =0 -> 0 | ... AK13: =0 -> 0
A14: jet fuel or kerosene | B14: ='Brazil Energy Balance'!R71*'Brazil Energy Balance'!B82 -> 0 | C14: ='Brazil Energy Balance'!R61*'Brazil Energy Balance'!B82 -> 0 | D14: ='Brazil Energy Balance'!R51*'Brazil Energy Balance'!B82 -> 0 | E14: ='Brazil Energy Balance'!R41*'Brazil Energy Balance'!B82 -> 0 | F14: ='Brazil Energy Balance'!R31*'Brazil Energy Balance'!B82 -> 0 | G14: ='Brazil Energy Balance'!R21*'Brazil Energy Balance'!B82 -> 0 | H14: =G14 -> 0 | I14: ='Brazil Energy Balance'!R3*'Brazil Energy Balance'!B82 -> 0 | J14: =I14 -> 0 | K14: =J14 -> 0 | L14: =K14 -> 0 | M14: =L14 -> 0 | N14: =M14 -> 0 | O14: =N14 -> 0 | P14: =O14 -> 0 | Q14: =P14 -> 0 | ... AK14: =AJ14 -> 0
A15: heat (not used in this variable) | B15: 0 | C15: 0 | D15: 0 | E15: 0 | F15: 0 | G15: 0 | H15: =G15 -> 0 | I15: 0 | J15: 0 | K15: 0 | L15: 0 | M15: 0 | N15: 0 | O15: 0 | P15: 0 | Q15: 0 | R15: 0 | S15: 0 | T15: 0 | U15: 0 | V15: 0 | W15: 0 | X15: 0 | Y15: 0 | Z15: 0 | AA15: 0 | AB15: 0 | AC15: 0 | AD15: 0 | AE15: 0 | AF15: 0 | AG15: 0 | AH15: 0 | AI15: 0 | AJ15: 0 | AK15: 0
A16: geothermal (is not a fuel) | B16: 0 | C16: 0 | D16: 0 | E16: 0 | F16: 0 | G16: 0 | H16: =G16 -> 0 | I16: 0 | J16: 0 | K16: 0 | L16: 0 | M16: 0 | N16: 0 | O16: 0 | P16: 0 | Q16: 0 | R16: 0 | S16: 0 | T16: 0 | U16: 0 | V16: 0 | W16: 0 | X16: 0 | Y16: 0 | Z16: 0 | AA16: 0 | AB16: 0 | AC16: 0 | AD16: 0 | AE16: 0 | AF16: 0 | AG16: 0 | AH16: 0 | AI16: 0 | AJ16: 0 | AK16: 0
A17: lignite | B17: 0 | C17: =B17 -> 0 | D17: =C17 -> 0 | E17: =D17 -> 0 | F17: =E17 -> 0 | G17: =F17 -> 0 | H17: =G17 -> 0 | I17: =H17 -> 0 | J17: =I17 -> 0 | ... AK17: =AJ17 -> 0
A18: crude oil | B18: ='Brazil Energy Balance'!B71*'Brazil Energy Balance'!B82 -> 5.0051236e+15 | C18: ='Brazil Energy Balance'!B61*'Brazil Energy Balance'!B82 -> 5.1736185e+15 | D18: ='Brazil Energy Balance'!B51*'Brazil Energy Balance'!B82 -> 5.3932254e+15 | E18: ='Brazil Energy Balance'!B41*'Brazil Energy Balance'!B82 -> 5.3202083e+15 | F18: ='Brazil Energy Balance'!B31*'Brazil Energy Balance'!B82 -> 5.7264056e+15 | G18: ='Brazil Energy Balance'!B21*'Brazil Energy Balance'!B82 -> 6.0570461e+15 | H18: =G18 -> 6.0570461e+15 | I18: ='Brazil Energy Balance'!B3*'Brazil Energy Balance'!B82 -> 6.206374e+15 | J18: =_xlfn.FORECAST.LINEAR(J$1,$B18:$I18,$B$1:$I$1) -> 6.4329282e+15 | K18: =_xlfn.FORECAST.LINEAR(K$1,$B18:$I18,$B$1:$I$1) -> 6.6141609e+15 | L18: =_xlfn.FORECAST.LINEAR(L$1,$B18:$I18,$B$1:$I$1) -> 6.7953937e+15 | M18: =_xlfn.FORECAST.LINEAR(M$1,$B18:$I18,$B$1:$I$1) -> 6.9766264e+15 | N18: =_xlfn.FORECAST.LINEAR(N$1,$B18:$I18,$B$1:$I$1) -> 7.1578591e+15 | O18: =_xlfn.FORECAST.LINEAR(O$1,$B18:$I18,$B$1:$I$1) -> 7.3390918e+15 | P18: =_xlfn.FORECAST.LINEAR(P$1,$B18:$I18,$B$1:$I$1) -> 7.5203246e+15 | Q18: =_xlfn.FORECAST.LINEAR(Q$1,$B18:$I18,$B$1:$I$1) -> 7.7015573e+15 | ... AK18: =_xlfn.FORECAST.LINEAR(AK$1,$B18:$I18,$B$1:$I$1) -> 1.1326212e+16
A19: heavy fuel oil | B19: ='Brazil Energy Balance'!N71*'Brazil Energy Balance'!B82 -> 0 | C19: ='Brazil Energy Balance'!N61*'Brazil Energy Balance'!B82 -> 0 | D19: ='Brazil Energy Balance'!N51*'Brazil Energy Balance'!B82 -> 0 | E19: ='Brazil Energy Balance'!N41*'Brazil Energy Balance'!B82 -> 0 | F19: ='Brazil Energy Balance'!N31*'Brazil Energy Balance'!B82 -> 0 | G19: ='Brazil Energy Balance'!N31*'Brazil Energy Balance'!B82 -> 0 | H19: =G19 -> 0 | I19: ='Brazil Energy Balance'!N3*'Brazil Energy Balance'!B82 -> 0 | J19: =I19 -> 0 | K19: =J19 -> 0 | L19: =K19 -> 0 | M19: =L19 -> 0 | N19: =M19 -> 0 | O19: =N19 -> 0 | P19: =O19 -> 0 | Q19: =P19 -> 0 | ... AK19: =AJ19 -> 0
A20: LPG propane or butane | B20: ='Brazil Energy Balance'!P71*'Brazil Energy Balance'!B82 -> 0 | C20: ='Brazil Energy Balance'!P61*'Brazil Energy Balance'!B82 -> 0 | D20: ='Brazil Energy Balance'!P51*'Brazil Energy Balance'!B82 -> 0 | E20: ='Brazil Energy Balance'!P41*'Brazil Energy Balance'!B82 -> 0 | F20: ='Brazil Energy Balance'!P31*'Brazil Energy Balance'!B82 -> 0 | G20: ='Brazil Energy Balance'!P21*'Brazil Energy Balance'!B82 -> 0 | H20: =G20 -> 0 | I20: ='Brazil Energy Balance'!N3*'Brazil Energy Balance'!B82 -> 0 | J20: =I20 -> 0 | K20: =J20 -> 0 | L20: =K20 -> 0 | M20: =L20 -> 0 | N20: =M20 -> 0 | O20: =N20 -> 0 | P20: =O20 -> 0 | Q20: =P20 -> 0 | ... AK20: =AJ20 -> 0
A21: municipal solid waste | B21: =0 -> 0 | C21: =0 -> 0 | D21: =0 -> 0 | E21: =0 -> 0 | F21: =0 -> 0 | G21: =0 -> 0 | H21: =G21 -> 0 | I21: =0 -> 0 | J21: =0 -> 0 | K21: =0 -> 0 | L21: =0 -> 0 | M21: =0 -> 0 | N21: =0 -> 0 | O21: =0 -> 0 | P21: =0 -> 0 | ... AK21: =0 -> 0
A22: hydrogen | B22: ='Brazil Energy Balance'!C90*'Brazil Energy Balance'!B101 -> 0 | C22: =0 -> 0 | D22: =0 -> 0 | E22: =0 -> 0 | F22: =0 -> 0 | G22: =0 -> 0 | H22: =G22 -> 0 | I22: =0 -> 0 | J22: =0 -> 0 | K22: =0 -> 0 | L22: =0 -> 0 | M22: =0 -> 0 | N22: =0 -> 0 | O22: =0 -> 0 | P22: =0 -> 0 | ... AK22: =0 -> 0
A25: Imports (BTU) | B25: 2015 | C25: 2016 | D25: 2017 | E25: 2018 | F25: 2019 | G25: 2020 | H25: 2021 | I25: 2022 | J25: 2023 | K25: 2024 | L25: 2025 | M25: 2026 | N25: 2027 | O25: 2028 | P25: 2029 | Q25: 2030 | R25: 2031 | S25: 2032 | T25: 2033 | U25: 2034 | V25: 2035 | W25: 2036 | X25: 2037 | Y25: 2038 | Z25: 2039 | AA25: 2040 | AB25: 2041 | AC25: 2042 | AD25: 2043 | AE25: 2044 | AF25: 2045 | AG25: 2046 | AH25: 2047 | AI25: 2048 | AJ25: 2049 | AK25: 2050
A26: electricity (not used in this variable) | B26: 0 | C26: 0 | D26: 0 | E26: 0 | F26: 0 | G26: 0 | H26: =G26 -> 0 | I26: 0 | J26: 0 | K26: 0 | L26: 0 | M26: 0 | N26: 0 | O26: 0 | P26: 0 | Q26: 0 | R26: 0 | S26: 0 | T26: 0 | U26: 0 | V26: 0 | W26: 0 | X26: 0 | Y26: 0 | Z26: 0 | AA26: 0 | AB26: 0 | AC26: 0 | AD26: 0 | AE26: 0 | AF26: 0 | AG26: 0 | AH26: 0 | AI26: 0 | AJ26: 0 | AK26: 0
A27: hard coal | B27: ='Brazil Energy Balance'!D72*'Brazil Energy Balance'!B82 + 'Brazil Energy Balance'!T72*'Brazil Energy Balance'!B82 -> 2.8659211e+14 | C27: ='Brazil Energy Balance'!D62*'Brazil Energy Balance'!B82 + 'Brazil Energy Balance'!T62*'Brazil Energy Balance'!B82 -> 2.2841653e+14 | D27: ='Brazil Energy Balance'!D52*'Brazil Energy Balance'!B182 + 'Brazil Energy Balance'!T52*'Brazil Energy Balance'!B82 -> 4.2103881e+13 | E27: ='Brazil Energy Balance'!D42*'Brazil Energy Balance'!B82 + 'Brazil Energy Balance'!T42*'Brazil Energy Balance'!B82 -> 2.7270299e+14 | F27: ='Brazil Energy Balance'!D32*'Brazil Energy Balance'!B82 + 'Brazil Energy Balance'!T32*'Brazil Energy Balance'!B82 -> 2.3028164e+14 | G27: ='Brazil Energy Balance'!D22*'Brazil Energy Balance'!B82 + 'Brazil Energy Balance'!T22*'Brazil Energy Balance'!B82 -> 1.9182861e+14 | H27: =G27 -> 1.9182861e+14 | I27: ='Brazil Energy Balance'!D4*'Brazil Energy Balance'!B82 + 'Brazil Energy Balance'!T4*'Brazil Energy Balance'!B82 -> 1.7218543e+14 | J27: =_xlfn.FORECAST.LINEAR(J$25,$B27:$I27,$B$25:$I$25) -> 171079967557032 | K27: =_xlfn.FORECAST.LINEAR(K$25,$B27:$I27,$B$25:$I$25) -> 164210521248886 | L27: =_xlfn.FORECAST.LINEAR(L$25,$B27:$I27,$B$25:$I$25) -> 157341074940740 | M27: =_xlfn.FORECAST.LINEAR(M$25,$B27:$I27,$B$25:$I$25) -> 150471628632594 | N27: =_xlfn.FORECAST.LINEAR(N$25,$B27:$I27,$B$25:$I$25) -> 143602182324448 | O27: =_xlfn.FORECAST.LINEAR(O$25,$B27:$I27,$B$25:$I$25) -> 136732736016302 | P27: =_xlfn.FORECAST.LINEAR(P$25,$B27:$I27,$B$25:$I$25) -> 129863289708156 | Q27: =_xlfn.FORECAST.LINEAR(Q$25,$B27:$I27,$B$25:$I$25) -> 122993843400010 | ... AH27: =_xlfn.FORECAST.LINEAR(AH$25,$B27:$I27,$B$25:$I$25) -> 6213256161526 | AI27: =AH27 -> 6213256161526 | AJ27: =AI27 -> 6213256161526 | AK27: =AJ27 -> 6213256161526
A28: natural gas | B28: ='Brazil Energy Balance'!C72*'Brazil Energy Balance'!B82 -> 6.4278856e+14 | C28: ='Brazil Energy Balance'!C62*'Brazil Energy Balance'!B82 -> 4.0953068e+14 | D28: ='Brazil Energy Balance'!C52*'Brazil Energy Balance'!B82 -> 3.7437136e+14 | E28: ='Brazil Energy Balance'!C42*'Brazil Energy Balance'!B82 -> 3.7000621e+14 | F28: ='Brazil Energy Balance'!C32*'Brazil Energy Balance'!B82 -> 3.423867e+14 | G28: ='Brazil Energy Balance'!C22*'Brazil Energy Balance'!B82 -> 3.3564055e+14 | H28: =G28 -> 3.3564055e+14 | I28: ='Brazil Energy Balance'!C4*'Brazil Energy Balance'!B82 -> 3.0643371e+14 | J28: =_xlfn.FORECAST.LINEAR(J$25,$B28:$I28,$B$25:$I$25) -> 235970511948360 | K28: =_xlfn.FORECAST.LINEAR(K$25,$B28:$I28,$B$25:$I$25) -> 201830672397816 | L28: =_xlfn.FORECAST.LINEAR(L$25,$B28:$I28,$B$25:$I$25) -> 167690832847264 | M28: =_xlfn.FORECAST.LINEAR(M$25,$B28:$I28,$B$25:$I$25) -> 133550993296720 | N28: =_xlfn.FORECAST.LINEAR(N$25,$B28:$I28,$B$25:$I$25) -> 99411153746176 | O28: =_xlfn.FORECAST.LINEAR(O$25,$B28:$I28,$B$25:$I$25) -> 65271314195632 | P28: =_xlfn.FORECAST.LINEAR(P$25,$B28:$I28,$B$25:$I$25) -> 31131474645080 | Q28: =$P$28 -> 31131474645080 | R28: =$P$28 -> 31131474645080 | S28: =$P$28 -> 31131474645080 | T28: =$P$28 -> 31131474645080 | U28: =$P$28 -> 31131474645080 | V28: =$P$28 -> 31131474645080 | W28: =$P$28 -> 31131474645080 | X28: =$P$28 -> 31131474645080 | ... AK28: =$P$28 -> 31131474645080
A29: nuclear | B29: ='Brazil Energy Balance'!F72*'Brazil Energy Balance'!B82 + 'Brazil Energy Balance'!U72*'Brazil Energy Balance'!B82 -> 1.9397151e+14 | C29: ='Brazil Energy Balance'!F62*'Brazil Energy Balance'!B82 + 'Brazil Energy Balance'!U62*'Brazil Energy Balance'!B82 -> 2.521074e+14 | D29: ='Brazil Energy Balance'!F52*'Brazil Energy Balance'!B82 + 'Brazil Energy Balance'!U52*'Brazil Energy Balance'!B82 -> 3.2814043e+14 | E29: ='Brazil Energy Balance'!F42*'Brazil Energy Balance'!B82 + 'Brazil Energy Balance'!U42*'Brazil Energy Balance'!B82 -> 2.4865497e+14 | F29: ='Brazil Energy Balance'!F32*'Brazil Energy Balance'!B82 + 'Brazil Energy Balance'!U32*'Brazil Energy Balance'!B82 -> 2.5167089e+14 | G29: ='Brazil Energy Balance'!F22*'Brazil Energy Balance'!B82 + 'Brazil Energy Balance'!U22*'Brazil Energy Balance'!B82 -> 2.8940962e+14 | H29: =G29 -> 2.8940962e+14 | I29: ='Brazil Energy Balance'!F4*'Brazil Energy Balance'!B82 + 'Brazil Energy Balance'!U4*'Brazil Energy Balance'!B82 -> 2.3575792e+14 | J29: =_xlfn.FORECAST.LINEAR(J$25,$B29:$I29,$B$25:$I$25) -> 280738836681542 | K29: =_xlfn.FORECAST.LINEAR(K$25,$B29:$I29,$B$25:$I$25) -> 285094068475421 | L29: =_xlfn.FORECAST.LINEAR(L$25,$B29:$I29,$B$25:$I$25) -> 289449300269301 | M29: =_xlfn.FORECAST.LINEAR(M$25,$B29:$I29,$B$25:$I$25) -> 293804532063180 | N29: =_xlfn.FORECAST.LINEAR(N$25,$B29:$I29,$B$25:$I$25) -> 298159763857059 | O29: =_xlfn.FORECAST.LINEAR(O$25,$B29:$I29,$B$25:$I$25) -> 302514995650939 | P29: =_xlfn.FORECAST.LINEAR(P$25,$B29:$I29,$B$25:$I$25) -> 306870227444818 | Q29: =_xlfn.FORECAST.LINEAR(Q$25,$B29:$I29,$B$25:$I$25) -> 311225459238697 | ... AK29: =_xlfn.FORECAST.LINEAR(AK$25,$B29:$I29,$B$25:$I$25) -> 398330095116284
A30: hydro (is not a fuel) | B30: 0 | C30: 0 | D30: 0 | E30: 0 | F30: 0 | G30: 0 | H30: =G30 -> 0 | I30: 0 | J30: 0 | K30: 0 | L30: 0 | M30: 0 | N30: 0 | O30: 0 | P30: 0 | Q30: 0 | R30: 0 | S30: 0 | T30: 0 | U30: 0 | V30: 0 | W30: 0 | X30: 0 | Y30: 0 | Z30: 0 | AA30: 0 | AB30: 0 | AC30: 0 | AD30: 0 | AE30: 0 | AF30: 0 | AG30: 0 | AH30: 0 | AI30: 0 | AJ30: 0 | AK30: 0
A31: wind (is not a fuel) | B31: 0 | C31: 0 | D31: 0 | E31: 0 | F31: 0 | G31: 0 | H31: =G31 -> 0 | I31: 0 | J31: 0 | K31: 0 | L31: 0 | M31: 0 | N31: 0 | O31: 0 | P31: 0 | Q31: 0 | R31: 0 | S31: 0 | T31: 0 | U31: 0 | V31: 0 | W31: 0 | X31: 0 | Y31: 0 | Z31: 0 | AA31: 0 | AB31: 0 | AC31: 0 | AD31: 0 | AE31: 0 | AF31: 0 | AG31: 0 | AH31: 0 | AI31: 0 | AJ31: 0 | AK31: 0
A32: solar (is not a fuel) | B32: 0 | C32: 0 | D32: 0 | E32: 0 | F32: 0 | G32: 0 | H32: =G32 -> 0 | I32: 0 | J32: 0 | K32: 0 | L32: 0 | M32: 0 | N32: 0 | O32: 0 | P32: 0 | Q32: 0 | R32: 0 | S32: 0 | T32: 0 | U32: 0 | V32: 0 | W32: 0 | X32: 0 | Y32: 0 | Z32: 0 | AA32: 0 | AB32: 0 | AC32: 0 | AD32: 0 | AE32: 0 | AF32: 0 | AG32: 0 | AH32: 0 | AI32: 0 | AJ32: 0 | AK32: 0
A33: biomass | B33: ='Brazil Energy Balance'!H72*'Brazil Energy Balance'!B82 -> 0 | C33: ='Brazil Energy Balance'!H62*'Brazil Energy Balance'!B82 -> 0 | D33: ='Brazil Energy Balance'!H52*'Brazil Energy Balance'!B82 -> 0 | E33: ='Brazil Energy Balance'!H42*'Brazil Energy Balance'!B82 -> 0 | F33: ='Brazil Energy Balance'!H32*'Brazil Energy Balance'!B82 -> 0 | G33: ='Brazil Energy Balance'!H22*'Brazil Energy Balance'!B82 -> 0 | H33: =G33 -> 0 | I33: ='Brazil Energy Balance'!H4*'Brazil Energy Balance'!B82 -> 0 | J33: =I33 -> 0 | K33: =J33 -> 0 | L33: =K33 -> 0 | M33: =L33 -> 0 | N33: =M33 -> 0 | O33: =N33 -> 0 | P33: =O33 -> 0 | Q33: =P33 -> 0 | ... AK33: =AJ33 -> 0
A34: petroleum gasoline | B34: ='Brazil Energy Balance'!O72*'Brazil Energy Balance'!B82 -> 8.9684044e+13 | C34: ='Brazil Energy Balance'!O62*'Brazil Energy Balance'!B82 -> 1.1643052e+14 | D34: ='Brazil Energy Balance'!O52*'Brazil Energy Balance'!B82 -> 1.3714516e+14 | E34: ='Brazil Energy Balance'!O42*'Brazil Energy Balance'!B82 -> 9.8930231e+13 | F34: ='Brazil Energy Balance'!O32*'Brazil Energy Balance'!B82 -> 1.493279e+14 | G34: ='Brazil Energy Balance'!O32*'Brazil Energy Balance'!B82 -> 1.493279e+14 | H34: =G34 -> 1.493279e+14 | I34: ='Brazil Energy Balance'!O4*'Brazil Energy Balance'!B82 -> 1.2670847e+14 | J34: =_xlfn.FORECAST.LINEAR(J$25,$B34:$I34,$B$25:$I$25) -> 154464042548428 | K34: =_xlfn.FORECAST.LINEAR(K$25,$B34:$I34,$B$25:$I$25) -> 160542659263022 | L34: =_xlfn.FORECAST.LINEAR(L$25,$B34:$I34,$B$25:$I$25) -> 166621275977616 | M34: =_xlfn.FORECAST.LINEAR(M$25,$B34:$I34,$B$25:$I$25) -> 172699892692210 | N34: =_xlfn.FORECAST.LINEAR(N$25,$B34:$I34,$B$25:$I$25) -> 178778509406806 | O34: =_xlfn.FORECAST.LINEAR(O$25,$B34:$I34,$B$25:$I$25) -> 184857126121400 | P34: =_xlfn.FORECAST.LINEAR(P$25,$B34:$I34,$B$25:$I$25) -> 190935742835994 | Q34: =_xlfn.FORECAST.LINEAR(Q$25,$B34:$I34,$B$25:$I$25) -> 197014359550588 | ... AK34: =_xlfn.FORECAST.LINEAR(AK$25,$B34:$I34,$B$25:$I$25) -> 318586693842474
A35: petroleum diesel | B35: ='Brazil Energy Balance'!M72*'Brazil Energy Balance'!B82 -> 2.3353566e+14 | C35: ='Brazil Energy Balance'!M62*'Brazil Energy Balance'!B82 -> 2.8500478e+14 | D35: ='Brazil Energy Balance'!M52*'Brazil Energy Balance'!B82 -> 4.3595969e+14 | E35: ='Brazil Energy Balance'!M42*'Brazil Energy Balance'!B82 -> 3.9203039e+14 | F35: ='Brazil Energy Balance'!M32*'Brazil Energy Balance'!B82 -> 4.3774544e+14 | G35: ='Brazil Energy Balance'!M22*'Brazil Energy Balance'!B82 -> 4.0361788e+14 | H35: =G35 -> 4.0361788e+14 | I35: ='Brazil Energy Balance'!M4*'Brazil Energy Balance'!B82 -> 4.8405574e+14 | J35: =_xlfn.FORECAST.LINEAR(J$25,$B35:$I35,$B$25:$I$25) -> 507413557762336 | K35: =_xlfn.FORECAST.LINEAR(K$25,$B35:$I35,$B$25:$I$25) -> 534739696459952 | L35: =_xlfn.FORECAST.LINEAR(L$25,$B35:$I35,$B$25:$I$25) -> 562065835157576 | M35: =_xlfn.FORECAST.LINEAR(M$25,$B35:$I35,$B$25:$I$25) -> 589391973855192 | N35: =_xlfn.FORECAST.LINEAR(N$25,$B35:$I35,$B$25:$I$25) -> 616718112552816 | O35: =_xlfn.FORECAST.LINEAR(O$25,$B35:$I35,$B$25:$I$25) -> 644044251250432 | P35: =_xlfn.FORECAST.LINEAR(P$25,$B35:$I35,$B$25:$I$25) -> 671370389948056 | Q35: =_xlfn.FORECAST.LINEAR(Q$25,$B35:$I35,$B$25:$I$25) -> 698696528645672 | ... AK35: =_xlfn.FORECAST.LINEAR(AK$25,$B35:$I35,$B$25:$I$25) -> 1.2452193e+15
A36: biofuel gasoline | B36: ='Brazil Energy Balance'!X72*'Brazil Energy Balance'!B82 -> 1.7143145e+13 | C36: ='Brazil Energy Balance'!X62*'Brazil Energy Balance'!B82 -> 1.7222511e+13 | D36: ='Brazil Energy Balance'!X52*'Brazil Energy Balance'!B82 -> 3.8691125e+13 | E36: ='Brazil Energy Balance'!X42*'Brazil Energy Balance'!B82 -> 3.7579996e+13 | F36: ='Brazil Energy Balance'!X32*'Brazil Energy Balance'!B82 -> 3.0437019e+13 | G36: ='Brazil Energy Balance'!X22*'Brazil Energy Balance'!B82 -> 2.0278118e+13 | H36: =G36 -> 2.0278118e+13 | I36: ='Brazil Energy Balance'!X4*'Brazil Energy Balance'!B82 -> 2.1032099e+12 | J36: =_xlfn.FORECAST.LINEAR(J$25,$B36:$I36,$B$25:$I$25) -> 14803252875714 | K36: =_xlfn.FORECAST.LINEAR(K$25,$B36:$I36,$B$25:$I$25) -> 1.2989163e+13 | L36: =_xlfn.FORECAST.LINEAR(L$25,$B36:$I36,$B$25:$I$25) -> 11175074095261 | M36: =_xlfn.FORECAST.LINEAR(M$25,$B36:$I36,$B$25:$I$25) -> 9360984705035 | N36: =_xlfn.FORECAST.LINEAR(N$25,$B36:$I36,$B$25:$I$25) -> 7.5468953e+12 | O36: =_xlfn.FORECAST.LINEAR(O$25,$B36:$I36,$B$25:$I$25) -> 5732805924582 | P36: =_xlfn.FORECAST.LINEAR(P$25,$B36:$I36,$B$25:$I$25) -> 3918716534356 | Q36: =_xlfn.FORECAST.LINEAR(Q$25,$B36:$I36,$B$25:$I$25) -> 2.1046271e+12 | R36: =_xlfn.FORECAST.LINEAR(R$25,$B36:$I36,$B$25:$I$25) -> 290537753903 | S36: =$R$36 -> 290537753903 | T36: =$R$36 -> 290537753903 | U36: =$R$36 -> 290537753903 | V36: =$R$36 -> 290537753903 | W36: =$R$36 -> 290537753903 | X36: =$R$36 -> 290537753903 | Y36: =$R$36 -> 290537753903 | Z36: =$R$36 -> 290537753903 | ... AK36: =$R$36 -> 290537753903
A37: biofuel diesel | B37: =0 -> 0 | C37: =0 -> 0 | D37: =0 -> 0 | E37: =0 -> 0 | F37: =0 -> 0 | G37: =0 -> 0 | H37: =G37 -> 0 | I37: =0 -> 0 | J37: =0 -> 0 | K37: =0 -> 0 | L37: =0 -> 0 | M37: =0 -> 0 | N37: =0 -> 0 | O37: =0 -> 0 | P37: =0 -> 0 | ... AK37: =0 -> 0
A38: jet fuel or kerosene | B38: ='Brazil Energy Balance'!R72*'Brazil Energy Balance'!B82 -> 4.4802339e+13 | C38: ='Brazil Energy Balance'!R62*'Brazil Energy Balance'!B82 -> 3.1190999e+13 | D38: ='Brazil Energy Balance'!R52*'Brazil Energy Balance'!B82 -> 1.8770156e+13 | E38: ='Brazil Energy Balance'!R42*'Brazil Energy Balance'!B82 -> 2.9246522e+13 | F38: ='Brazil Energy Balance'!R32*'Brazil Energy Balance'!B82 -> 3.3849774e+13 | G38: ='Brazil Energy Balance'!R22*'Brazil Energy Balance'!B82 -> 1.0674782e+13 | H38: =G38 -> 1.0674782e+13 | I38: ='Brazil Energy Balance'!R4*'Brazil Energy Balance'!B82 -> 4.2222931e+13 | J38: =_xlfn.FORECAST.LINEAR(J$25,$B38:$I38,$B$25:$I$25) -> 20161902863562 | K38: =_xlfn.FORECAST.LINEAR(K$25,$B38:$I38,$B$25:$I$25) -> 1.8491429e+13 | L38: =_xlfn.FORECAST.LINEAR(L$25,$B38:$I38,$B$25:$I$25) -> 1.6820955e+13 | M38: =_xlfn.FORECAST.LINEAR(M$25,$B38:$I38,$B$25:$I$25) -> 15150480923062 | N38: =_xlfn.FORECAST.LINEAR(N$25,$B38:$I38,$B$25:$I$25) -> 13480006942895 | O38: =_xlfn.FORECAST.LINEAR(O$25,$B38:$I38,$B$25:$I$25) -> 1.1809533e+13 | P38: =_xlfn.FORECAST.LINEAR(P$25,$B38:$I38,$B$25:$I$25) -> 1.0139059e+13 | Q38: =_xlfn.FORECAST.LINEAR(Q$25,$B38:$I38,$B$25:$I$25) -> 8468585002395 | ... V38: =_xlfn.FORECAST.LINEAR(V$25,$B38:$I38,$B$25:$I$25) -> 116215101561 | W38: =$V$38 -> 116215101561 | X38: =$V$38 -> 116215101561 | Y38: =$V$38 -> 116215101561 | Z38: =$V$38 -> 116215101561 | AA38: =$V$38 -> 116215101561 | AB38: =$V$38 -> 116215101561 | AC38: =$V$38 -> 116215101561 | AD38: =$V$38 -> 116215101561 | ... AK38: =$V$38 -> 116215101561
A39: heat (not used in this variable) | B39: 0 | C39: 0 | D39: 0 | E39: 0 | F39: 0 | G39: 0 | H39: =G39 -> 0 | I39: 0 | J39: 0 | K39: 0 | L39: 0 | M39: 0 | N39: 0 | O39: 0 | P39: 0 | Q39: 0 | R39: 0 | S39: 0 | T39: 0 | U39: 0 | V39: 0 | W39: 0 | X39: 0 | Y39: 0 | Z39: 0 | AA39: 0 | AB39: 0 | AC39: 0 | AD39: 0 | AE39: 0 | AF39: 0 | AG39: 0 | AH39: 0 | AI39: 0 | AJ39: 0 | AK39: 0
A40: geothermal (is not a fuel) | B40: 0 | C40: 0 | D40: 0 | E40: 0 | F40: 0 | G40: 0 | H40: =G40 -> 0 | I40: 0 | J40: 0 | K40: 0 | L40: 0 | M40: 0 | N40: 0 | O40: 0 | P40: 0 | Q40: 0 | R40: 0 | S40: 0 | T40: 0 | U40: 0 | V40: 0 | W40: 0 | X40: 0 | Y40: 0 | Z40: 0 | AA40: 0 | AB40: 0 | AC40: 0 | AD40: 0 | AE40: 0 | AF40: 0 | AG40: 0 | AH40: 0 | AI40: 0 | AJ40: 0 | AK40: 0
A41: lignite | B41: 0 | C41: =B41 -> 0 | D41: =C41 -> 0 | E41: =D41 -> 0 | F41: =E41 -> 0 | G41: =F41 -> 0 | H41: =G41 -> 0 | I41: =H41 -> 0 | J41: =I41 -> 0 | ... AK41: =AJ41 -> 0
A42: crude oil | B42: ='Brazil Energy Balance'!B72*'Brazil Energy Balance'!B82 -> 6.1020865e+14 | C42: ='Brazil Energy Balance'!B62*'Brazil Energy Balance'!B82 -> 3.1782279e+14 | D42: ='Brazil Energy Balance'!B52*'Brazil Energy Balance'!B82 -> 2.9726689e+14 | E42: ='Brazil Energy Balance'!B42*'Brazil Energy Balance'!B82 -> 3.8203022e+14 | F42: ='Brazil Energy Balance'!B32*'Brazil Energy Balance'!B82 -> 3.5258528e+14 | G42: ='Brazil Energy Balance'!B22*'Brazil Energy Balance'!B82 -> 3.4460896e+14 | H42: =G42 -> 3.4460896e+14 | I42: ='Brazil Energy Balance'!B4*'Brazil Energy Balance'!B82 -> 5.0492911e+14 | J42: =_xlfn.FORECAST.LINEAR(J$25,$B42:$I42,$B$25:$I$25) -> 367983781035402 | K42: =_xlfn.FORECAST.LINEAR(K$25,$B42:$I42,$B$25:$I$25) -> 362145153229724 | L42: =_xlfn.FORECAST.LINEAR(L$25,$B42:$I42,$B$25:$I$25) -> 356306525424044 | M42: =_xlfn.FORECAST.LINEAR(M$25,$B42:$I42,$B$25:$I$25) -> 350467897618366 | N42: =_xlfn.FORECAST.LINEAR(N$25,$B42:$I42,$B$25:$I$25) -> 344629269812686 | O42: =_xlfn.FORECAST.LINEAR(O$25,$B42:$I42,$B$25:$I$25) -> 338790642007008 | P42: =_xlfn.FORECAST.LINEAR(P$25,$B42:$I42,$B$25:$I$25) -> 332952014201328 | Q42: =_xlfn.FORECAST.LINEAR(Q$25,$B42:$I42,$B$25:$I$25) -> 327113386395650 | ... AK42: =_xlfn.FORECAST.LINEAR(AK$25,$B42:$I42,$B$25:$I$25) -> 210340830282070
A43: heavy fuel oil | B43: ='Brazil Energy Balance'!N72*'Brazil Energy Balance'!B82 -> 1.3452607e+13 | C43: ='Brazil Energy Balance'!N62*'Brazil Energy Balance'!B82 -> 2.4603587e+12 | D43: ='Brazil Energy Balance'!N52*'Brazil Energy Balance'!B82 -> 2.8571908e+12 | E43: ='Brazil Energy Balance'!N42*'Brazil Energy Balance'!B82 -> 1.2103378e+13 | F43: ='Brazil Energy Balance'!N32*'Brazil Energy Balance'!B82 -> 2.1428931e+12 | G43: ='Brazil Energy Balance'!N22*'Brazil Energy Balance'!B82 -> 1.4682786e+12 | H43: =G43 -> 1.4682786e+12 | I43: ='Brazil Energy Balance'!N4*'Brazil Energy Balance'!B82 -> 8.0160075e+12 | J43: =_xlfn.FORECAST.LINEAR(J$25,$B43:$I43,$B$25:$I$25) -> 2.4348481e+12 | K43: =_xlfn.FORECAST.LINEAR(K$25,$B43:$I43,$B$25:$I$25) -> 1.7545646e+12 | L43: =_xlfn.FORECAST.LINEAR(L$25,$B43:$I43,$B$25:$I$25) -> 1.0742811e+12 | M43: =_xlfn.FORECAST.LINEAR(M$25,$B43:$I43,$B$25:$I$25) -> 3.9399754e+11 | N43: =$M$43 -> 3.9399754e+11 | O43: =$M$43 -> 3.9399754e+11 | P43: =$M$43 -> 3.9399754e+11 | Q43: =$M$43 -> 3.9399754e+11 | R43: =$M$43 -> 3.9399754e+11 | S43: =$M$43 -> 3.9399754e+11 | T43: =$M$43 -> 3.9399754e+11 | U43: =$M$43 -> 3.9399754e+11 | ... AK43: =$M$43 -> 3.9399754e+11
A44: LPG propane or butane | B44: ='Brazil Energy Balance'!P72*'Brazil Energy Balance'!B82 -> 7.7382251e+13 | C44: ='Brazil Energy Balance'!P62*'Brazil Energy Balance'!B82 -> 8.3771247e+13 | D44: ='Brazil Energy Balance'!P52*'Brazil Energy Balance'!B82 -> 7.9842609e+13 | E44: ='Brazil Energy Balance'!P42*'Brazil Energy Balance'!B82 -> 8.4525228e+13 | F44: ='Brazil Energy Balance'!P32*'Brazil Energy Balance'!B82 -> 8.6191922e+13 | G44: ='Brazil Energy Balance'!P22*'Brazil Energy Balance'!B82 -> 8.8691964e+13 | H44: =G44 -> 8.8691964e+13 | I44: ='Brazil Energy Balance'!N4*'Brazil Energy Balance'!B82 -> 8.0160075e+12 | J44: =_xlfn.FORECAST.LINEAR(J$25,$B44:$I44,$B$25:$I$25) -> 51456362102302 | K44: =_xlfn.FORECAST.LINEAR(K$25,$B44:$I44,$B$25:$I$25) -> 46304631685528 | L44: =_xlfn.FORECAST.LINEAR(L$25,$B44:$I44,$B$25:$I$25) -> 41152901268752 | M44: =_xlfn.FORECAST.LINEAR(M$25,$B44:$I44,$B$25:$I$25) -> 36001170851976 | N44: =_xlfn.FORECAST.LINEAR(N$25,$B44:$I44,$B$25:$I$25) -> 30849440435200 | O44: =_xlfn.FORECAST.LINEAR(O$25,$B44:$I44,$B$25:$I$25) -> 25697710018426 | P44: =_xlfn.FORECAST.LINEAR(P$25,$B44:$I44,$B$25:$I$25) -> 20545979601650 | Q44: =_xlfn.FORECAST.LINEAR(Q$25,$B44:$I44,$B$25:$I$25) -> 15394249184874 | ... S44: =_xlfn.FORECAST.LINEAR(S$25,$B44:$I44,$B$25:$I$25) -> 5090788351322 | T44: =S44 -> 5090788351322 | U44: =T44 -> 5090788351322 | V44: =U44 -> 5090788351322 | W44: =V44 -> 5090788351322 | X44: =W44 -> 5090788351322 | Y44: =X44 -> 5090788351322 | Z44: =Y44 -> 5090788351322 | AA44: =Z44 -> 5090788351322 | ... AK44: =AJ44 -> 5090788351322
A45: municipal solid waste | B45: =0 -> 0 | C45: =0 -> 0 | D45: =0 -> 0 | E45: =0 -> 0 | F45: =0 -> 0 | G45: =0 -> 0 | H45: =G45 -> 0 | I45: =0 -> 0 | J45: =I45 -> 0 | K45: =J45 -> 0 | L45: =K45 -> 0 | M45: =L45 -> 0 | N45: =M45 -> 0 | O45: =N45 -> 0 | P45: =O45 -> 0 | Q45: =P45 -> 0 | ... AK45: =AJ45 -> 0
A46: hydrogen | B46: ='Brazil Energy Balance'!C114*'Brazil Energy Balance'!B125 -> 0 | C46: =0 -> 0 | D46: =0 -> 0 | E46: =0 -> 0 | F46: =0 -> 0 | G46: =0 -> 0 | H46: =G46 -> 0 | I46: =0 -> 0 | J46: =I46 -> 0 | K46: =J46 -> 0 | L46: =K46 -> 0 | M46: =L46 -> 0 | N46: =M46 -> 0 | O46: =N46 -> 0 | P46: =O46 -> 0 | Q46: =P46 -> 0 | ... AK46: =AJ46 -> 0
A49: Exports (BTU) | B49: 2015 | C49: 2016 | D49: 2017 | E49: 2018 | F49: 2019 | G49: 2020 | H49: 2021 | I49: 2022 | J49: 2023 | K49: 2024 | L49: 2025 | M49: 2026 | N49: 2027 | O49: 2028 | P49: 2029 | Q49: 2030 | R49: 2031 | S49: 2032 | T49: 2033 | U49: 2034 | V49: 2035 | W49: 2036 | X49: 2037 | Y49: 2038 | Z49: 2039 | AA49: 2040 | AB49: 2041 | AC49: 2042 | AD49: 2043 | AE49: 2044 | AF49: 2045 | AG49: 2046 | AH49: 2047 | AI49: 2048 | AJ49: 2049 | AK49: 2050
A50: electricity (not used in this variable) | B50: 0 | C50: 0 | D50: 0 | E50: 0 | F50: 0 | G50: 0 | H50: =G50 -> 0 | I50: 0 | J50: 0 | K50: 0 | L50: 0 | M50: 0 | N50: 0 | O50: 0 | P50: 0 | Q50: 0 | R50: 0 | S50: 0 | T50: 0 | U50: 0 | V50: 0 | W50: 0 | X50: 0 | Y50: 0 | Z50: 0 | AA50: 0 | AB50: 0 | AC50: 0 | AD50: 0 | AE50: 0 | AF50: 0 | AG50: 0 | AH50: 0 | AI50: 0 | AJ50: 0 | AK50: 0
A51: hard coal | B51: =-'Brazil Energy Balance'!D975*'Brazil Energy Balance'!B82 - 'Brazil Energy Balance'!T75*'Brazil Energy Balance'!B82 -> 0 | C51: =-'Brazil Energy Balance'!D65*'Brazil Energy Balance'!B82 - 'Brazil Energy Balance'!T65*'Brazil Energy Balance'!B82 -> 0 | D51: =-'Brazil Energy Balance'!D55*'Brazil Energy Balance'!B82 - 'Brazil Energy Balance'!T55*'Brazil Energy Balance'!B82 -> 0 | E51: =-'Brazil Energy Balance'!D45*'Brazil Energy Balance'!B82 - 'Brazil Energy Balance'!T45*'Brazil Energy Balance'!B82 -> 0 | F51: =-'Brazil Energy Balance'!D35*'Brazil Energy Balance'!B82 - 'Brazil Energy Balance'!T35*'Brazil Energy Balance'!B82 -> 0 | G51: =-'Brazil Energy Balance'!D25*'Brazil Energy Balance'!B82 - 'Brazil Energy Balance'!T25*'Brazil Energy Balance'!B82 -> 0 | H51: =G51 -> 0 | I51: =-'Brazil Energy Balance'!D7*'Brazil Energy Balance'!B82 - 'Brazil Energy Balance'!T7*'Brazil Energy Balance'!B82 -> 0 | J51: =I51 -> 0 | K51: =J51 -> 0 | L51: =K51 -> 0 | M51: =L51 -> 0 | N51: =M51 -> 0 | O51: =N51 -> 0 | P51: =O51 -> 0 | Q51: =P51 -> 0 | ... AK51: =AJ51 -> 0
A52: natural gas | B52: =-'Brazil Energy Balance'!C75*'Brazil Energy Balance'!B82 -> 0 | C52: ='Brazil Energy Balance'!C86*'Brazil Energy Balance'!B106 -> 0 | D52: ='Brazil Energy Balance'!C76*'Brazil Energy Balance'!B106 -> 0 | E52: ='Brazil Energy Balance'!C66*'Brazil Energy Balance'!B106 -> 0 | F52: ='Brazil Energy Balance'!C56*'Brazil Energy Balance'!B106 -> 0 | G52: ='Brazil Energy Balance'!C46*'Brazil Energy Balance'!B106 -> 0 | H52: =G52 -> 0 | I52: ='Brazil Energy Balance'!C28*'Brazil Energy Balance'!B106 -> 0 | J52: =I52 -> 0 | K52: =J52 -> 0 | L52: =K52 -> 0 | M52: =L52 -> 0 | N52: =M52 -> 0 | O52: =N52 -> 0 | P52: =O52 -> 0 | Q52: =P52 -> 0 | ... AK52: =AJ52 -> 0
A53: nuclear | B53: ='Brazil Energy Balance'!F96*'Brazil Energy Balance'!B106 + 'Brazil Energy Balance'!U96*'Brazil Energy Balance'!B106 -> 0 | C53: ='Brazil Energy Balance'!F86*'Brazil Energy Balance'!B106 + 'Brazil Energy Balance'!U86*'Brazil Energy Balance'!B106 -> 0 | D53: ='Brazil Energy Balance'!F76*'Brazil Energy Balance'!B106 + 'Brazil Energy Balance'!U76*'Brazil Energy Balance'!B106 -> 0 | E53: ='Brazil Energy Balance'!F66*'Brazil Energy Balance'!B106 + 'Brazil Energy Balance'!U66*'Brazil Energy Balance'!B106 -> 0 | F53: ='Brazil Energy Balance'!F56*'Brazil Energy Balance'!B106 + 'Brazil Energy Balance'!U56*'Brazil Energy Balance'!B106 -> 0 | G53: ='Brazil Energy Balance'!F46*'Brazil Energy Balance'!B106 + 'Brazil Energy Balance'!U46*'Brazil Energy Balance'!B106 -> 0 | H53: =G53 -> 0 | I53: ='Brazil Energy Balance'!F28*'Brazil Energy Balance'!B106 + 'Brazil Energy Balance'!U28*'Brazil Energy Balance'!B106 -> 0 | J53: =I53 -> 0 | K53: =J53 -> 0 | L53: =K53 -> 0 | M53: =L53 -> 0 | N53: =M53 -> 0 | O53: =N53 -> 0 | P53: =O53 -> 0 | Q53: =P53 -> 0 | ... AK53: =AJ53 -> 0
A54: hydro (is not a fuel) | B54: 0 | C54: 0 | D54: 0 | E54: 0 | F54: 0 | G54: 0 | H54: =G54 -> 0 | I54: 0 | J54: 0 | K54: 0 | L54: 0 | M54: 0 | N54: 0 | O54: 0 | P54: 0 | Q54: 0 | R54: 0 | S54: 0 | T54: 0 | U54: 0 | V54: 0 | W54: 0 | X54: 0 | Y54: 0 | Z54: 0 | AA54: 0 | AB54: 0 | AC54: 0 | AD54: 0 | AE54: 0 | AF54: 0 | AG54: 0 | AH54: 0 | AI54: 0 | AJ54: 0 | AK54: 0
A55: wind (is not a fuel) | B55: 0 | C55: 0 | D55: 0 | E55: 0 | F55: 0 | G55: 0 | H55: =G55 -> 0 | I55: 0 | J55: 0 | K55: 0 | L55: 0 | M55: 0 | N55: 0 | O55: 0 | P55: 0 | Q55: 0 | R55: 0 | S55: 0 | T55: 0 | U55: 0 | V55: 0 | W55: 0 | X55: 0 | Y55: 0 | Z55: 0 | AA55: 0 | AB55: 0 | AC55: 0 | AD55: 0 | AE55: 0 | AF55: 0 | AG55: 0 | AH55: 0 | AI55: 0 | AJ55: 0 | AK55: 0
A56: solar (is not a fuel) | B56: 0 | C56: 0 | D56: 0 | E56: 0 | F56: 0 | G56: 0 | H56: =G56 -> 0 | I56: 0 | J56: 0 | K56: 0 | L56: 0 | M56: 0 | N56: 0 | O56: 0 | P56: 0 | Q56: 0 | R56: 0 | S56: 0 | T56: 0 | U56: 0 | V56: 0 | W56: 0 | X56: 0 | Y56: 0 | Z56: 0 | AA56: 0 | AB56: 0 | AC56: 0 | AD56: 0 | AE56: 0 | AF56: 0 | AG56: 0 | AH56: 0 | AI56: 0 | AJ56: 0 | AK56: 0
A57: biomass | B57: ='Brazil Energy Balance'!H96*'Brazil Energy Balance'!B106 -> 0 | C57: ='Brazil Energy Balance'!H86*'Brazil Energy Balance'!B106 -> 0 | D57: ='Brazil Energy Balance'!H76*'Brazil Energy Balance'!B106 -> 0 | E57: ='Brazil Energy Balance'!H66*'Brazil Energy Balance'!B106 -> 0 | F57: ='Brazil Energy Balance'!H56*'Brazil Energy Balance'!B106 -> 0 | G57: ='Brazil Energy Balance'!H46*'Brazil Energy Balance'!B106 -> 0 | H57: =G57 -> 0 | I57: ='Brazil Energy Balance'!H28*'Brazil Energy Balance'!B106 -> 0 | J57: =I57 -> 0 | K57: =J57 -> 0 | L57: =K57 -> 0 | M57: =L57 -> 0 | N57: =M57 -> 0 | O57: =N57 -> 0 | P57: =O57 -> 0 | Q57: =P57 -> 0 | ... AK57: =AJ57 -> 0
A58: petroleum gasoline | B58: =-'Brazil Energy Balance'!O75*'Brazil Energy Balance'!B82 -> 1.8809839e+13 | C58: =-'Brazil Energy Balance'!O65*'Brazil Energy Balance'!B82 -> 2.2262278e+13 | D58: =-'Brazil Energy Balance'!O55*'Brazil Energy Balance'!B82 -> 1.460342e+13 | E58: =-'Brazil Energy Balance'!O45*'Brazil Energy Balance'!B82 -> 4.2580079e+13 | F58: =-'Brazil Energy Balance'!O35*'Brazil Energy Balance'!B82 -> 6.1548652e+13 | G58: =-'Brazil Energy Balance'!O25*'Brazil Energy Balance'!B82 -> 7.2382167e+13 | H58: =G58 -> 7.2382167e+13 | I58: =-'Brazil Energy Balance'!O7*'Brazil Energy Balance'!B82 -> 1.6666946e+13 | J58: =_xlfn.FORECAST.LINEAR(J$49,$B58:$I58,$B$49:$I$49) -> 63077872258442 | K58: =_xlfn.FORECAST.LINEAR(K$49,$B58:$I58,$B$49:$I$49) -> 68171967543548 | L58: =_xlfn.FORECAST.LINEAR(L$49,$B58:$I58,$B$49:$I$49) -> 73266062828656 | M58: =_xlfn.FORECAST.LINEAR(M$49,$B58:$I58,$B$49:$I$49) -> 78360158113762 | N58: =_xlfn.FORECAST.LINEAR(N$49,$B58:$I58,$B$49:$I$49) -> 83454253398868 | O58: =_xlfn.FORECAST.LINEAR(O$49,$B58:$I58,$B$49:$I$49) -> 88548348683976 | P58: =_xlfn.FORECAST.LINEAR(P$49,$B58:$I58,$B$49:$I$49) -> 93642443969082 | Q58: =_xlfn.FORECAST.LINEAR(Q$49,$B58:$I58,$B$49:$I$49) -> 98736539254190 | ... AK58: =_xlfn.FORECAST.LINEAR(AK$49,$B58:$I58,$B$49:$I$49) -> 200618444956328
A59: petroleum diesel | B59: =-'Brazil Energy Balance'!M75*'Brazil Energy Balance'!B82 -> 2.5833767e+13 | C59: =-'Brazil Energy Balance'!M65*'Brazil Energy Balance'!B82 -> 2.8016343e+13 | D59: =-'Brazil Energy Balance'!M55*'Brazil Energy Balance'!B82 -> 2.3095626e+13 | E59: =-'Brazil Energy Balance'!M45*'Brazil Energy Balance'!B82 -> 4.8096045e+13 | F59: =-'Brazil Energy Balance'!M35*'Brazil Energy Balance'!B82 -> 2.0198752e+13 | G59: =-'Brazil Energy Balance'!M25*'Brazil Energy Balance'!B82 -> 3.1984664e+13 | H59: =G59 -> 3.1984664e+13 | I59: =-'Brazil Energy Balance'!M7*'Brazil Energy Balance'!B82 -> 2.1706713e+13 | J59: =_xlfn.FORECAST.LINEAR(J$49,$B59:$I59,$B$49:$I$49) -> 2.8313967e+13 | K59: =_xlfn.FORECAST.LINEAR(K$49,$B59:$I59,$B$49:$I$49) -> 2.8191611e+13 | L59: =_xlfn.FORECAST.LINEAR(L$49,$B59:$I59,$B$49:$I$49) -> 2.8069254e+13 | M59: =_xlfn.FORECAST.LINEAR(M$49,$B59:$I59,$B$49:$I$49) -> 2.7946897e+13 | N59: =_xlfn.FORECAST.LINEAR(N$49,$B59:$I59,$B$49:$I$49) -> 2.7824541e+13 | O59: =_xlfn.FORECAST.LINEAR(O$49,$B59:$I59,$B$49:$I$49) -> 2.7702184e+13 | P59: =_xlfn.FORECAST.LINEAR(P$49,$B59:$I59,$B$49:$I$49) -> 2.7579828e+13 | Q59: =_xlfn.FORECAST.LINEAR(Q$49,$B59:$I59,$B$49:$I$49) -> 2.7457471e+13 | ... AK59: =_xlfn.FORECAST.LINEAR(AK$49,$B59:$I59,$B$49:$I$49) -> 2.501034e+13
A60: biofuel gasoline | B60: =-'Brazil Energy Balance'!X75*'Brazil Energy Balance'!B82 -> 4.3968992e+13 | C60: =-'Brazil Energy Balance'!X65*'Brazil Energy Balance'!B82 -> 3.7103797e+13 | D60: =-'Brazil Energy Balance'!X55*'Brazil Energy Balance'!B82 -> 2.8889374e+13 | E60: =-'Brazil Energy Balance'!X45*'Brazil Energy Balance'!B82 -> 3.504027e+13 | F60: =-'Brazil Energy Balance'!X35*'Brazil Energy Balance'!B82 -> 4.0397503e+13 | G60: =-'Brazil Energy Balance'!X25*'Brazil Energy Balance'!B82 -> 4.2183247e+13 | H60: =G60 -> 4.2183247e+13 | I60: =-'Brazil Energy Balance'!X7*'Brazil Energy Balance'!B82 -> 4.9008759e+13 | J60: =_xlfn.FORECAST.LINEAR(J$49,$B60:$I60,$B$49:$I$49) -> 45520888378656 | K60: =_xlfn.FORECAST.LINEAR(K$49,$B60:$I60,$B$49:$I$49) -> 4.6781775e+13 | L60: =_xlfn.FORECAST.LINEAR(L$49,$B60:$I60,$B$49:$I$49) -> 48042661598715 | M60: =_xlfn.FORECAST.LINEAR(M$49,$B60:$I60,$B$49:$I$49) -> 49303548208745 | N60: =_xlfn.FORECAST.LINEAR(N$49,$B60:$I60,$B$49:$I$49) -> 5.0564435e+13 | O60: =_xlfn.FORECAST.LINEAR(O$49,$B60:$I60,$B$49:$I$49) -> 5.1825321e+13 | P60: =_xlfn.FORECAST.LINEAR(P$49,$B60:$I60,$B$49:$I$49) -> 53086208038834 | Q60: =_xlfn.FORECAST.LINEAR(Q$49,$B60:$I60,$B$49:$I$49) -> 54347094648864 | ... AK60: =_xlfn.FORECAST.LINEAR(AK$49,$B60:$I60,$B$49:$I$49) -> 79564826849458
A61: biofuel diesel | B61: =0 -> 0 | C61: =0 -> 0 | D61: =0 -> 0 | E61: =0 -> 0 | F61: =0 -> 0 | G61: =0 -> 0 | H61: =G61 -> 0 | I61: =0 -> 0 | J61: =I61 -> 0 | K61: =J61 -> 0 | L61: =K61 -> 0 | M61: =L61 -> 0 | N61: =M61 -> 0 | O61: =N61 -> 0 | P61: =O61 -> 0 | Q61: =P61 -> 0 | ... AK61: =AJ61 -> 0
A62: jet fuel or kerosene | B62: =-'Brazil Energy Balance'!R75*'Brazil Energy Balance'!B82 -> 9.6827021e+13 | C62: =-'Brazil Energy Balance'!R65*'Brazil Energy Balance'!B82 -> 9.0517392e+13 | D62: =-'Brazil Energy Balance'!R55*'Brazil Energy Balance'!B82 -> 8.8652281e+13 | E62: =-'Brazil Energy Balance'!R45*'Brazil Energy Balance'!B82 -> 110954242329718 | F62: =-'Brazil Energy Balance'!R35*'Brazil Energy Balance'!B82 -> 9.6787338e+13 | G62: =-'Brazil Energy Balance'!R25*'Brazil Energy Balance'!B82 -> 4.5040438e+13 | H62: =G62 -> 4.5040438e+13 | I62: =-'Brazil Energy Balance'!R7*'Brazil Energy Balance'!B82 -> 7.031864e+13 | J62: =_xlfn.FORECAST.LINEAR(J$49,$B62:$I62,$B$49:$I$49) -> 50627266560674 | K62: =_xlfn.FORECAST.LINEAR(K$49,$B62:$I62,$B$49:$I$49) -> 43985053845418 | L62: =_xlfn.FORECAST.LINEAR(L$49,$B62:$I62,$B$49:$I$49) -> 37342841130164 | M62: =_xlfn.FORECAST.LINEAR(M$49,$B62:$I62,$B$49:$I$49) -> 30700628414908 | N62: =_xlfn.FORECAST.LINEAR(N$49,$B62:$I62,$B$49:$I$49) -> 24058415699652 | O62: =_xlfn.FORECAST.LINEAR(O$49,$B62:$I62,$B$49:$I$49) -> 17416202984396 | P62: =_xlfn.FORECAST.LINEAR(P$49,$B62:$I62,$B$49:$I$49) -> 10773990269140 | Q62: =_xlfn.FORECAST.LINEAR(Q$49,$B62:$I62,$B$49:$I$49) -> 4131777553884 | R62: =Q62 -> 4131777553884 | S62: =R62 -> 4131777553884 | T62: =S62 -> 4131777553884 | U62: =T62 -> 4131777553884 | V62: =U62 -> 4131777553884 | W62: =V62 -> 4131777553884 | X62: =W62 -> 4131777553884 | Y62: =X62 -> 4131777553884 | ... AK62: =AJ62 -> 4131777553884
A63: heat (not used in this variable) | B63: 0 | C63: 0 | D63: 0 | E63: 0 | F63: 0 | G63: 0 | H63: =G63 -> 0 | I63: 0 | J63: 0 | K63: 0 | L63: 0 | M63: 0 | N63: 0 | O63: 0 | P63: 0 | Q63: 0 | R63: 0 | S63: 0 | T63: 0 | U63: 0 | V63: 0 | W63: 0 | X63: 0 | Y63: 0 | Z63: 0 | AA63: 0 | AB63: 0 | AC63: 0 | AD63: 0 | AE63: 0 | AF63: 0 | AG63: 0 | AH63: 0 | AI63: 0 | AJ63: 0 | AK63: 0
A64: geothermal (is not a fuel) | B64: 0 | C64: 0 | D64: 0 | E64: 0 | F64: 0 | G64: 0 | H64: =G64 -> 0 | I64: 0 | J64: 0 | K64: 0 | L64: 0 | M64: 0 | N64: 0 | O64: 0 | P64: 0 | Q64: 0 | R64: 0 | S64: 0 | T64: 0 | U64: 0 | V64: 0 | W64: 0 | X64: 0 | Y64: 0 | Z64: 0 | AA64: 0 | AB64: 0 | AC64: 0 | AD64: 0 | AE64: 0 | AF64: 0 | AG64: 0 | AH64: 0 | AI64: 0 | AJ64: 0 | AK64: 0
A65: lignite | B65: 0 | C65: =B65 -> 0 | D65: =C65 -> 0 | E65: =D65 -> 0 | F65: =E65 -> 0 | G65: =F65 -> 0 | H65: =G65 -> 0 | I65: =H65 -> 0 | J65: =I65 -> 0 | ... AK65: =AJ65 -> 0
A66: crude oil | B66: =-'Brazil Energy Balance'!B75*'Brazil Energy Balance'!B82 -> 1.509946e+15 | C66: =-'Brazil Energy Balance'!B65*'Brazil Energy Balance'!B82 -> 1.7386006e+15 | D66: =-'Brazil Energy Balance'!B55*'Brazil Energy Balance'!B82 -> 2.1382105e+15 | E66: =-'Brazil Energy Balance'!B45*'Brazil Energy Balance'!B82 -> 2.211426e+15 | F66: =-'Brazil Energy Balance'!B35*'Brazil Energy Balance'!B82 -> 2.520201e+15 | G66: =-'Brazil Energy Balance'!B25*'Brazil Energy Balance'!B82 -> 2.812944e+15 | H66: =G66 -> 2.812944e+15 | I66: =-'Brazil Energy Balance'!B7*'Brazil Energy Balance'!B82 -> 2.7611574e+15 | J66: =_xlfn.FORECAST.LINEAR(J$49,$B66:$I66,$B$49:$I$49) -> 3.1951344e+15 | K66: =_xlfn.FORECAST.LINEAR(K$49,$B66:$I66,$B$49:$I$49) -> 3.3911245e+15 | L66: =_xlfn.FORECAST.LINEAR(L$49,$B66:$I66,$B$49:$I$49) -> 3.5871147e+15 | M66: =_xlfn.FORECAST.LINEAR(M$49,$B66:$I66,$B$49:$I$49) -> 3.7831048e+15 | N66: =_xlfn.FORECAST.LINEAR(N$49,$B66:$I66,$B$49:$I$49) -> 3.979095e+15 | O66: =_xlfn.FORECAST.LINEAR(O$49,$B66:$I66,$B$49:$I$49) -> 4.1750852e+15 | P66: =_xlfn.FORECAST.LINEAR(P$49,$B66:$I66,$B$49:$I$49) -> 4.3710753e+15 | Q66: =_xlfn.FORECAST.LINEAR(Q$49,$B66:$I66,$B$49:$I$49) -> 4.5670655e+15 | ... AK66: =_xlfn.FORECAST.LINEAR(AK$49,$B66:$I66,$B$49:$I$49) -> 8.4868686e+15
A67: heavy fuel oil | B67: =-'Brazil Energy Balance'!N75*'Brazil Energy Balance'!B82 -> 3.0643371e+14 | C67: =-'Brazil Energy Balance'!N65*'Brazil Energy Balance'!B82 -> 2.6583779e+14 | D67: =-'Brazil Energy Balance'!N55*'Brazil Energy Balance'!B82 -> 2.7710782e+14 | E67: =-'Brazil Energy Balance'!N45*'Brazil Energy Balance'!B82 -> 3.0786231e+14 | F67: =-'Brazil Energy Balance'!N35*'Brazil Energy Balance'!B82 -> 3.506408e+14 | G67: =-'Brazil Energy Balance'!N25*'Brazil Energy Balance'!B82 -> 5.5096162e+14 | H67: =G67 -> 5.5096162e+14 | I67: =-'Brazil Energy Balance'!N7*'Brazil Energy Balance'!B82 -> 579057333360245 | J67: =_xlfn.FORECAST.LINEAR(J$49,$B67:$I67,$B$49:$I$49) -> 623518113251488 | K67: =_xlfn.FORECAST.LINEAR(K$49,$B67:$I67,$B$49:$I$49) -> 673498165628672 | L67: =_xlfn.FORECAST.LINEAR(L$49,$B67:$I67,$B$49:$I$49) -> 723478218005856 | M67: =_xlfn.FORECAST.LINEAR(M$49,$B67:$I67,$B$49:$I$49) -> 773458270383040 | N67: =_xlfn.FORECAST.LINEAR(N$49,$B67:$I67,$B$49:$I$49) -> 823438322760224 | O67: =_xlfn.FORECAST.LINEAR(O$49,$B67:$I67,$B$49:$I$49) -> 873418375137408 | P67: =_xlfn.FORECAST.LINEAR(P$49,$B67:$I67,$B$49:$I$49) -> 923398427514576 | Q67: =_xlfn.FORECAST.LINEAR(Q$49,$B67:$I67,$B$49:$I$49) -> 973378479891760 | ... AK67: =_xlfn.FORECAST.LINEAR(AK$49,$B67:$I67,$B$49:$I$49) -> 1.9729795e+15
A68: LPG propane or butane | B68: =-'Brazil Energy Balance'!P75*'Brazil Energy Balance'!B82 -> 6.7461449e+11 | C68: =-'Brazil Energy Balance'!P65*'Brazil Energy Balance'!B82 -> 0 | D68: =-'Brazil Energy Balance'!P55*'Brazil Energy Balance'!B82 -> 3.9683205e+10 | E68: =-'Brazil Energy Balance'!P45*'Brazil Energy Balance'!B82 -> 3.9683205e+10 | F68: =-'Brazil Energy Balance'!P35*'Brazil Energy Balance'!B82 -> 0 | G68: =-'Brazil Energy Balance'!P25*'Brazil Energy Balance'!B82 -> 0 | H68: =G68 -> 0 | I68: =-'Brazil Energy Balance'!P7*'Brazil Energy Balance'!B82 -> 0 | J68: =I68 -> 0 | K68: =J68 -> 0 | L68: =K68 -> 0 | M68: =L68 -> 0 | N68: =M68 -> 0 | O68: =N68 -> 0 | P68: =O68 -> 0 | Q68: =P68 -> 0 | ... AK68: =AJ68 -> 0
A69: municipal solid waste | B69: =0 -> 0 | C69: =0 -> 0 | D69: =0 -> 0 | E69: =0 -> 0 | F69: =0 -> 0 | G69: =0 -> 0 | H69: =G69 -> 0 | I69: =0 -> 0 | J69: =0 -> 0 | K69: =0 -> 0 | L69: =0 -> 0 | M69: =0 -> 0 | N69: =0 -> 0 | O69: =0 -> 0 | P69: =0 -> 0 | ... AK69: =0 -> 0
A70: hydrogen | B70: ='Brazil Energy Balance'!C138*'Brazil Energy Balance'!B149 -> 0 | C70: =0 -> 0 | D70: =0 -> 0 | E70: =0 -> 0 | F70: =0 -> 0 | G70: =0 -> 0 | H70: =G70 -> 0 | I70: =0 -> 0 | J70: =0 -> 0 | K70: =0 -> 0 | L70: =0 -> 0 | M70: =0 -> 0 | N70: =0 -> 0 | O70: =0 -> 0 | P70: =0 -> 0 | ... AK70: =0 -> 0

Sheet BFPIaE-production
A1: Fuel (BTU) | B1: 2020 | C1: 2021 | D1: 2022 | E1: 2023 | F1: 2024 | G1: 2025 | H1: 2026 | I1: 2027 | J1: 2028 | K1: 2029 | L1: 2030 | M1: 2031 | N1: 2032 | O1: 2033 | P1: 2034 | Q1: 2035 | R1: 2036 | S1: 2037 | T1: 2038 | U1: 2039 | V1: 2040 | W1: 2041 | X1: 2042 | Y1: 2043 | Z1: 2044 | AA1: 2045 | AB1: 2046 | AC1: 2047 | AD1: 2048 | AE1: 2049 | AF1: 2050
A2: electricity (not used in this variable) | B2: =BFPIaE!G2 -> 0 | C2: =BFPIaE!H2 -> 0 | D2: =BFPIaE!I2 -> 0 | E2: =BFPIaE!J2 -> 0 | F2: =BFPIaE!K2 -> 0 | G2: =BFPIaE!L2 -> 0 | H2: =BFPIaE!M2 -> 0 | I2: =BFPIaE!N2 -> 0 | ... AF2: =BFPIaE!AK2 -> 0
A3: hard coal | B3: =BFPIaE!G3 -> 8.2739483e+13 | C3: =BFPIaE!H3 -> 8.2739483e+13 | D3: =BFPIaE!I3 -> 9.1707888e+13 | E3: =BFPIaE!J3 -> 80714222549047 | F3: =BFPIaE!K3 -> 79251140559065 | G3: =BFPIaE!L3 -> 77788058569083 | H3: =BFPIaE!M3 -> 76324976579101 | I3: =BFPIaE!N3 -> 74861894589119 | ... AF3: =BFPIaE!AK3 -> 4.1211009e+13
A4: natural gas | B4: =BFPIaE!G4 -> 1.8372927e+15 | C4: =BFPIaE!H4 -> 1.8372927e+15 | D4: =BFPIaE!I4 -> 1.9830095e+15 | E4: =BFPIaE!J4 -> 2.0522425e+15 | F4: =BFPIaE!K4 -> 2.1337112e+15 | G4: =BFPIaE!L4 -> 2.2151798e+15 | H4: =BFPIaE!M4 -> 2.2966485e+15 | I4: =BFPIaE!N4 -> 2.3781172e+15 | ... AF4: =BFPIaE!AK4 -> 4.2518967e+15
A5: nuclear | B5: =BFPIaE!G5 -> 8.1747403e+12 | C5: =BFPIaE!H5 -> 8.1747403e+12 | D5: =BFPIaE!I5 -> 8.1747403e+12 | E5: =BFPIaE!J5 -> 8.1747403e+12 | F5: =BFPIaE!K5 -> 8.1747403e+12 | G5: =BFPIaE!L5 -> 8.1747403e+12 | H5: =BFPIaE!M5 -> 8.1747403e+12 | I5: =BFPIaE!N5 -> 8.1747403e+12 | ... AF5: =BFPIaE!AK5 -> 8.1747403e+12
A6: hydro (is not a fuel) | B6: =BFPIaE!G6 -> 0 | C6: =BFPIaE!H6 -> 0 | D6: =BFPIaE!I6 -> 0 | E6: =BFPIaE!J6 -> 0 | F6: =BFPIaE!K6 -> 0 | G6: =BFPIaE!L6 -> 0 | H6: =BFPIaE!M6 -> 0 | I6: =BFPIaE!N6 -> 0 | ... AF6: =BFPIaE!AK6 -> 0
A7: wind (is not a fuel) | B7: =BFPIaE!G7 -> 0 | C7: =BFPIaE!H7 -> 0 | D7: =BFPIaE!I7 -> 0 | E7: =BFPIaE!J7 -> 0 | F7: =BFPIaE!K7 -> 0 | G7: =BFPIaE!L7 -> 0 | H7: =BFPIaE!M7 -> 0 | I7: =BFPIaE!N7 -> 0 | ... AF7: =BFPIaE!AK7 -> 0
A8: solar (is not a fuel) | B8: =BFPIaE!G8 -> 0 | C8: =BFPIaE!H8 -> 0 | D8: =BFPIaE!I8 -> 0 | E8: =BFPIaE!J8 -> 0 | F8: =BFPIaE!K8 -> 0 | G8: =BFPIaE!L8 -> 0 | H8: =BFPIaE!M8 -> 0 | I8: =BFPIaE!N8 -> 0 | ... AF8: =BFPIaE!AK8 -> 0
A9: biomass | B9: =BFPIaE!G9 -> 1.0498986e+15 | C9: =BFPIaE!H9 -> 1.0498986e+15 | D9: =BFPIaE!I9 -> 1.0826769e+15 | E9: =BFPIaE!J9 -> 1.0980952e+15 | F9: =BFPIaE!K9 -> 1.1147107e+15 | G9: =BFPIaE!L9 -> 1.1313261e+15 | H9: =BFPIaE!M9 -> 1.1479416e+15 | I9: =BFPIaE!N9 -> 1.164557e+15 | ... AF9: =BFPIaE!AK9 -> 1.5467125e+15
A10: petroleum gasoline | B10: =BFPIaE!G10 -> 0 | C10: =BFPIaE!H10 -> 0 | D10: =BFPIaE!I10 -> 0 | E10: =BFPIaE!J10 -> 0 | F10: =BFPIaE!K10 -> 0 | G10: =BFPIaE!L10 -> 0 | H10: =BFPIaE!M10 -> 0 | I10: =BFPIaE!N10 -> 0 | ... AF10: =BFPIaE!AK10 -> 0
A11: petroleum diesel | B11: =BFPIaE!G11 -> 0 | C11: =BFPIaE!H11 -> 0 | D11: =BFPIaE!I11 -> 0 | E11: =BFPIaE!J11 -> 0 | F11: =BFPIaE!K11 -> 0 | G11: =BFPIaE!L11 -> 0 | H11: =BFPIaE!M11 -> 0 | I11: =BFPIaE!N11 -> 0 | ... AF11: =BFPIaE!AK11 -> 0
A12: biofuel gasoline | B12: =BFPIaE!G12 -> 0 | C12: =BFPIaE!H12 -> 0 | D12: =BFPIaE!I12 -> 0 | E12: =BFPIaE!J12 -> 0 | F12: =BFPIaE!K12 -> 0 | G12: =BFPIaE!L12 -> 0 | H12: =BFPIaE!M12 -> 0 | I12: =BFPIaE!N12 -> 0 | ... AF12: =BFPIaE!AK12 -> 0
A13: biofuel diesel | B13: =BFPIaE!G13 -> 0 | C13: =BFPIaE!H13 -> 0 | D13: =BFPIaE!I13 -> 0 | E13: =BFPIaE!J13 -> 0 | F13: =BFPIaE!K13 -> 0 | G13: =BFPIaE!L13 -> 0 | H13: =BFPIaE!M13 -> 0 | I13: =BFPIaE!N13 -> 0 | ... AF13: =BFPIaE!AK13 -> 0
... A22: hydrogen | B22: =BFPIaE!G22 -> 0 | C22: =BFPIaE!H22 -> 0 | D22: =BFPIaE!I22 -> 0 | E22: =BFPIaE!J22 -> 0 | F22: =BFPIaE!K22 -> 0 | G22: =BFPIaE!L22 -> 0 | H22: =BFPIaE!M22 -> 0 | I22: =BFPIaE!N22 -> 0 | ... AF22: =BFPIaE!AK22 -> 0

Sheet BFPIaE-imports
A1: Fuel (BTU) | B1: 2020 | C1: 2021 | D1: 2022 | E1: 2023 | F1: 2024 | G1: 2025 | H1: 2026 | I1: 2027 | J1: 2028 | K1: 2029 | L1: 2030 | M1: 2031 | N1: 2032 | O1: 2033 | P1: 2034 | Q1: 2035 | R1: 2036 | S1: 2037 | T1: 2038 | U1: 2039 | V1: 2040 | W1: 2041 | X1: 2042 | Y1: 2043 | Z1: 2044 | AA1: 2045 | AB1: 2046 | AC1: 2047 | AD1: 2048 | AE1: 2049 | AF1: 2050
A2: electricity (not used in this variable) | B2: =BFPIaE!G26 -> 0 | C2: =BFPIaE!H26 -> 0 | D2: =BFPIaE!I26 -> 0 | E2: =BFPIaE!J26 -> 0 | F2: =BFPIaE!K26 -> 0 | G2: =BFPIaE!L26 -> 0 | H2: =BFPIaE!M26 -> 0 | I2: =BFPIaE!N26 -> 0 | ... AF2: =BFPIaE!AK26 -> 0
A3: hard coal | B3: =BFPIaE!G27 -> 1.9182861e+14 | C3: =BFPIaE!H27 -> 1.9182861e+14 | D3: =BFPIaE!I27 -> 1.7218543e+14 | E3: =BFPIaE!J27 -> 171079967557032 | F3: =BFPIaE!K27 -> 164210521248886 | G3: =BFPIaE!L27 -> 157341074940740 | H3: =BFPIaE!M27 -> 150471628632594 | I3: =BFPIaE!N27 -> 143602182324448 | ... AF3: =BFPIaE!AK27 -> 6213256161526
A4: natural gas | B4: =BFPIaE!G28 -> 3.3564055e+14 | C4: =BFPIaE!H28 -> 3.3564055e+14 | D4: =BFPIaE!I28 -> 3.0643371e+14 | E4: =BFPIaE!J28 -> 235970511948360 | F4: =BFPIaE!K28 -> 201830672397816 | G4: =BFPIaE!L28 -> 167690832847264 | H4: =BFPIaE!M28 -> 133550993296720 | I4: =BFPIaE!N28 -> 99411153746176 | ... AF4: =BFPIaE!AK28 -> 31131474645080
A5: nuclear | B5: =BFPIaE!G29 -> 2.8940962e+14 | C5: =BFPIaE!H29 -> 2.8940962e+14 | D5: =BFPIaE!I29 -> 2.3575792e+14 | E5: =BFPIaE!J29 -> 280738836681542 | F5: =BFPIaE!K29 -> 285094068475421 | G5: =BFPIaE!L29 -> 289449300269301 | H5: =BFPIaE!M29 -> 293804532063180 | I5: =BFPIaE!N29 -> 298159763857059 | ... AF5: =BFPIaE!AK29 -> 398330095116284
A6: hydro (is not a fuel) | B6: =BFPIaE!G30 -> 0 | C6: =BFPIaE!H30 -> 0 | D6: =BFPIaE!I30 -> 0 | E6: =BFPIaE!J30 -> 0 | F6: =BFPIaE!K30 -> 0 | G6: =BFPIaE!L30 -> 0 | H6: =BFPIaE!M30 -> 0 | I6: =BFPIaE!N30 -> 0 | ... AF6: =BFPIaE!AK30 -> 0
A7: wind (is not a fuel) | B7: =BFPIaE!G31 -> 0 | C7: =BFPIaE!H31 -> 0 | D7: =BFPIaE!I31 -> 0 | E7: =BFPIaE!J31 -> 0 | F7: =BFPIaE!K31 -> 0 | G7: =BFPIaE!L31 -> 0 | H7: =BFPIaE!M31 -> 0 | I7: =BFPIaE!N31 -> 0 | ... AF7: =BFPIaE!AK31 -> 0
A8: solar (is not a fuel) | B8: =BFPIaE!G32 -> 0 | C8: =BFPIaE!H32 -> 0 | D8: =BFPIaE!I32 -> 0 | E8: =BFPIaE!J32 -> 0 | F8: =BFPIaE!K32 -> 0 | G8: =BFPIaE!L32 -> 0 | H8: =BFPIaE!M32 -> 0 | I8: =BFPIaE!N32 -> 0 | ... AF8: =BFPIaE!AK32 -> 0
A9: biomass | B9: =BFPIaE!G33 -> 0 | C9: =BFPIaE!H33 -> 0 | D9: =BFPIaE!I33 -> 0 | E9: =BFPIaE!J33 -> 0 | F9: =BFPIaE!K33 -> 0 | G9: =BFPIaE!L33 -> 0 | H9: =BFPIaE!M33 -> 0 | I9: =BFPIaE!N33 -> 0 | ... AF9: =BFPIaE!AK33 -> 0
A10: petroleum gasoline | B10: =BFPIaE!G34 -> 1.493279e+14 | C10: =BFPIaE!H34 -> 1.493279e+14 | D10: =BFPIaE!I34 -> 1.2670847e+14 | E10: =BFPIaE!J34 -> 154464042548428 | F10: =BFPIaE!K34 -> 160542659263022 | G10: =BFPIaE!L34 -> 166621275977616 | H10: =BFPIaE!M34 -> 172699892692210 | I10: =BFPIaE!N34 -> 178778509406806 | ... AF10: =BFPIaE!AK34 -> 318586693842474
A11: petroleum diesel | B11: =BFPIaE!G35 -> 4.0361788e+14 | C11: =BFPIaE!H35 -> 4.0361788e+14 | D11: =BFPIaE!I35 -> 4.8405574e+14 | E11: =BFPIaE!J35 -> 507413557762336 | F11: =BFPIaE!K35 -> 534739696459952 | G11: =BFPIaE!L35 -> 562065835157576 | H11: =BFPIaE!M35 -> 589391973855192 | I11: =BFPIaE!N35 -> 616718112552816 | ... AF11: =BFPIaE!AK35 -> 1.2452193e+15
A12: biofuel gasoline | B12: =BFPIaE!G36 -> 2.0278118e+13 | C12: =BFPIaE!H36 -> 2.0278118e+13 | D12: =BFPIaE!I36 -> 2.1032099e+12 | E12: =BFPIaE!J36 -> 14803252875714 | F12: =BFPIaE!K36 -> 1.2989163e+13 | G12: =BFPIaE!L36 -> 11175074095261 | H12: =BFPIaE!M36 -> 9360984705035 | I12: =BFPIaE!N36 -> 7.5468953e+12 | ... AF12: =BFPIaE!AK36 -> 290537753903
A13: biofuel diesel | B13: =BFPIaE!G37 -> 0 | C13: =BFPIaE!H37 -> 0 | D13: =BFPIaE!I37 -> 0 | E13: =BFPIaE!J37 -> 0 | F13: =BFPIaE!K37 -> 0 | G13: =BFPIaE!L37 -> 0 | H13: =BFPIaE!M37 -> 0 | I13: =BFPIaE!N37 -> 0 | ... AF13: =BFPIaE!AK37 -> 0
... A22: hydrogen | B22: =BFPIaE!G46 -> 0 | C22: =BFPIaE!H46 -> 0 | D22: =BFPIaE!I46 -> 0 | E22: =BFPIaE!J46 -> 0 | F22: =BFPIaE!K46 -> 0 | G22: =BFPIaE!L46 -> 0 | H22: =BFPIaE!M46 -> 0 | I22: =BFPIaE!N46 -> 0 | ... AF22: =BFPIaE!AK46 -> 0

Sheet BFPIaE-exports
A1: Fuel (BTU) | B1: 2020 | C1: 2021 | D1: 2022 | E1: 2023 | F1: 2024 | G1: 2025 | H1: 2026 | I1: 2027 | J1: 2028 | K1: 2029 | L1: 2030 | M1: 2031 | N1: 2032 | O1: 2033 | P1: 2034 | Q1: 2035 | R1: 2036 | S1: 2037 | T1: 2038 | U1: 2039 | V1: 2040 | W1: 2041 | X1: 2042 | Y1: 2043 | Z1: 2044 | AA1: 2045 | AB1: 2046 | AC1: 2047 | AD1: 2048 | AE1: 2049 | AF1: 2050
A2: electricity (not used in this variable) | B2: =BFPIaE!G50 -> 0 | C2: =BFPIaE!H50 -> 0 | D2: =BFPIaE!I50 -> 0 | E2: =BFPIaE!J50 -> 0 | F2: =BFPIaE!K50 -> 0 | G2: =BFPIaE!L50 -> 0 | H2: =BFPIaE!M50 -> 0 | I2: =BFPIaE!N50 -> 0 | ... AF2: =BFPIaE!AK50 -> 0
A3: hard coal | B3: =BFPIaE!G51 -> 0 | C3: =BFPIaE!H51 -> 0 | D3: =BFPIaE!I51 -> 0 | E3: =BFPIaE!J51 -> 0 | F3: =BFPIaE!K51 -> 0 | G3: =BFPIaE!L51 -> 0 | H3: =BFPIaE!M51 -> 0 | I3: =BFPIaE!N51 -> 0 | ... AF3: =BFPIaE!AK51 -> 0
A4: natural gas | B4: =BFPIaE!G52 -> 0 | C4: =BFPIaE!H52 -> 0 | D4: =BFPIaE!I52 -> 0 | E4: =BFPIaE!J52 -> 0 | F4: =BFPIaE!K52 -> 0 | G4: =BFPIaE!L52 -> 0 | H4: =BFPIaE!M52 -> 0 | I4: =BFPIaE!N52 -> 0 | ... AF4: =BFPIaE!AK52 -> 0
A5: nuclear | B5: =BFPIaE!G53 -> 0 | C5: =BFPIaE!H53 -> 0 | D5: =BFPIaE!I53 -> 0 | E5: =BFPIaE!J53 -> 0 | F5: =BFPIaE!K53 -> 0 | G5: =BFPIaE!L53 -> 0 | H5: =BFPIaE!M53 -> 0 | I5: =BFPIaE!N53 -> 0 | ... AF5: =BFPIaE!AK53 -> 0
A6: hydro (is not a fuel) | B6: =BFPIaE!G54 -> 0 | C6: =BFPIaE!H54 -> 0 | D6: =BFPIaE!I54 -> 0 | E6: =BFPIaE!J54 -> 0 | F6: =BFPIaE!K54 -> 0 | G6: =BFPIaE!L54 -> 0 | H6: =BFPIaE!M54 -> 0 | I6: =BFPIaE!N54 -> 0 | ... AF6: =BFPIaE!AK54 -> 0
A7: wind (is not a fuel) | B7: =BFPIaE!G55 -> 0 | C7: =BFPIaE!H55 -> 0 | D7: =BFPIaE!I55 -> 0 | E7: =BFPIaE!J55 -> 0 | F7: =BFPIaE!K55 -> 0 | G7: =BFPIaE!L55 -> 0 | H7: =BFPIaE!M55 -> 0 | I7: =BFPIaE!N55 -> 0 | ... AF7: =BFPIaE!AK55 -> 0
A8: solar (is not a fuel) | B8: =BFPIaE!G56 -> 0 | C8: =BFPIaE!H56 -> 0 | D8: =BFPIaE!I56 -> 0 | E8: =BFPIaE!J56 -> 0 | F8: =BFPIaE!K56 -> 0 | G8: =BFPIaE!L56 -> 0 | H8: =BFPIaE!M56 -> 0 | I8: =BFPIaE!N56 -> 0 | ... AF8: =BFPIaE!AK56 -> 0
A9: biomass | B9: =BFPIaE!G57 -> 0 | C9: =BFPIaE!H57 -> 0 | D9: =BFPIaE!I57 -> 0 | E9: =BFPIaE!J57 -> 0 | F9: =BFPIaE!K57 -> 0 | G9: =BFPIaE!L57 -> 0 | H9: =BFPIaE!M57 -> 0 | I9: =BFPIaE!N57 -> 0 | ... AF9: =BFPIaE!AK57 -> 0
A10: petroleum gasoline | B10: =BFPIaE!G58 -> 7.2382167e+13 | C10: =BFPIaE!H58 -> 7.2382167e+13 | D10: =BFPIaE!I58 -> 1.6666946e+13 | E10: =BFPIaE!J58 -> 63077872258442 | F10: =BFPIaE!K58 -> 68171967543548 | G10: =BFPIaE!L58 -> 73266062828656 | H10: =BFPIaE!M58 -> 78360158113762 | I10: =BFPIaE!N58 -> 83454253398868 | ... AF10: =BFPIaE!AK58 -> 200618444956328
A11: petroleum diesel | B11: =BFPIaE!G59 -> 3.1984664e+13 | C11: =BFPIaE!H59 -> 3.1984664e+13 | D11: =BFPIaE!I59 -> 2.1706713e+13 | E11: =BFPIaE!J59 -> 2.8313967e+13 | F11: =BFPIaE!K59 -> 2.8191611e+13 | G11: =BFPIaE!L59 -> 2.8069254e+13 | H11: =BFPIaE!M59 -> 2.7946897e+13 | I11: =BFPIaE!N59 -> 2.7824541e+13 | ... AF11: =BFPIaE!AK59 -> 2.501034e+13
A12: biofuel gasoline | B12: =BFPIaE!G60 -> 4.2183247e+13 | C12: =BFPIaE!H60 -> 4.2183247e+13 | D12: =BFPIaE!I60 -> 4.9008759e+13 | E12: =BFPIaE!J60 -> 45520888378656 | F12: =BFPIaE!K60 -> 4.6781775e+13 | G12: =BFPIaE!L60 -> 48042661598715 | H12: =BFPIaE!M60 -> 49303548208745 | I12: =BFPIaE!N60 -> 5.0564435e+13 | ... AF12: =BFPIaE!AK60 -> 79564826849458
A13: biofuel diesel | B13: =BFPIaE!G61 -> 0 | C13: =BFPIaE!H61 -> 0 | D13: =BFPIaE!I61 -> 0 | E13: =BFPIaE!J61 -> 0 | F13: =BFPIaE!K61 -> 0 | G13: =BFPIaE!L61 -> 0 | H13: =BFPIaE!M61 -> 0 | I13: =BFPIaE!N61 -> 0 | ... AF13: =BFPIaE!AK61 -> 0
... A22: hydrogen | B22: =BFPIaE!G70 -> 0 | C22: =BFPIaE!H70 -> 0 | D22: =BFPIaE!I70 -> 0 | E22: =BFPIaE!J70 -> 0 | F22: =BFPIaE!K70 -> 0 | G22: =BFPIaE!L70 -> 0 | H22: =BFPIaE!M70 -> 0 | I22: =BFPIaE!N70 -> 0 | ... AF22: =BFPIaE!AK70 -> 0
